insert into age_groups (age_group_ID, age_group_name, discount) values (1, 'kids', 50);
insert into age_groups (age_group_ID, age_group_name, discount) values (2, 'teenagers', 30);
insert into age_groups (age_group_ID, age_group_name, discount) values (3, 'adults', 0);
insert into age_groups (age_group_ID, age_group_name, discount) values (4, 'seniors', 20);

insert into sports (sport_ID, sport_name, sport_type, professionalism) values (1, 'soccer', 'team', TRUE);
insert into sports (sport_ID, sport_name, sport_type, professionalism) values (2, 'soccer', 'team', FALSE);
insert into sports (sport_ID, sport_name, sport_type, professionalism) values (3, 'tennis', 'single', TRUE);
insert into sports (sport_ID, sport_name, sport_type, professionalism) values (4, 'tennis', 'single', FALSE);
insert into sports (sport_ID, sport_name, sport_type, professionalism) values (5, 'volleyball', 'team', TRUE);
insert into sports (sport_ID, sport_name, sport_type, professionalism) values (6, 'volleyball', 'team', FALSE);
insert into sports (sport_ID, sport_name, sport_type, professionalism) values (7, 'gymnastics', 'single', TRUE);
insert into sports (sport_ID, sport_name, sport_type, professionalism) values (8, 'gymnastics', 'single', FALSE);
insert into sports (sport_ID, sport_name, sport_type, professionalism) values (9, 'handball', 'team', TRUE);
insert into sports (sport_ID, sport_name, sport_type, professionalism) values (10, 'handball', 'team', FALSE);
insert into sports (sport_ID, sport_name, sport_type, professionalism) values (11, 'swimming', 'single', TRUE);
insert into sports (sport_ID, sport_name, sport_type, professionalism) values (12, 'swimming', 'single', FALSE);

insert into professionalisms (professionalism_ID, prof_name, discount) values (1, 'professional', 50);
insert into professionalisms (professionalism_ID, prof_name, discount) values (2, 'hobby', 0);

insert into roles (role_ID, role_name, all_rights, most_rights, some_rights) values (1, 'admin', TRUE, FALSE, FALSE);
insert into roles (role_ID, role_name, all_rights, most_rights, some_rights) values (2, 'president', FALSE, TRUE, FALSE);
insert into roles (role_ID, role_name, all_rights, most_rights, some_rights) values (3, 'chairman', FALSE, FALSE, TRUE);
insert into roles (role_ID, role_name, all_rights, most_rights, some_rights) values (4, 'regular', FALSE, FALSE, FALSE);


insert into duration_groups (duration_group_ID, duration_group_name, discount) values (1, 'newbies', 0);
insert into duration_groups (duration_group_ID, duration_group_name, discount) values (2, 'regulars', 10);
insert into duration_groups (duration_group_ID, duration_group_name, discount) values (3, 'longtimers', 20);
insert into duration_groups (duration_group_ID, duration_group_name, discount) values (4, 'legends', 30);

insert into memberships (membership_ID, membership_name, discount) values (1, 'active', 0);
insert into memberships (membership_ID, membership_name, discount) values (2, 'passive', 50);

insert into members (member_ID, email, pw, first_name, last_name, phone_number, birthday, gender, membership_type_id, duration_group_id, role_id) values (0, 'Admin.Adminton123@mail.com', 'password', 'Admin', 'Adminton', '034579803754', '1969-9-6', 'm', 1, 3, 1);
insert into members (member_ID, email, pw, first_name, last_name, phone_number, birthday, gender, membership_type_id, duration_group_id, role_id) values (1, 'Hamilton.Hogan997@mail.com', 'AHRbTCYW', 'Hamilton', 'Hogan', '316374490339', '2000-5-26', 'm', 1, 3, 2);
insert into members (member_ID, email, pw, first_name, last_name, phone_number, birthday, gender, membership_type_id, duration_group_id, role_id) values (2, 'Dale.Hampton175@mail.com', 'OLOijXIf', 'Dale', 'Hampton', '854699179970', '1963-11-8', 'm', 1, 1, 3);
insert into members (member_ID, email, pw, first_name, last_name, phone_number, birthday, gender, membership_type_id, duration_group_id, role_id) values (3, 'Nicol.Ellis329@mail.com', 'NrLHXzLc', 'Nicol', 'Ellis', '019663411328', '1931-10-23', 'm', 1, 2, 3);
insert into members (member_ID, email, pw, first_name, last_name, phone_number, birthday, gender, membership_type_id, duration_group_id, role_id) values (4, 'Alessandro.Vargas234@mail.com', 'sKfUTndQ', 'Alessandro', 'Vargas', '584296178836', '1944-11-12', 'm', 1, 4, 3);
insert into members (member_ID, email, pw, first_name, last_name, phone_number, birthday, gender, membership_type_id, duration_group_id, role_id) values (5, 'Vincent.Sparks354@mail.com', 'EwuEsVyC', 'Vincent', 'Sparks', '355410193153', '1956-4-1', 'm', 1, 3, 3);
insert into members (member_ID, email, pw, first_name, last_name, phone_number, birthday, gender, membership_type_id, duration_group_id, role_id) values (6, 'Alan.Green824@mail.com', 'xliXZVLN', 'Alan', 'Green', '992782466931', '1954-2-5', 'm', 1, 3, 3);
insert into members (member_ID, email, pw, first_name, last_name, phone_number, birthday, gender, membership_type_id, duration_group_id, role_id) values (7, 'Mathew.Hansen808@mail.com', 'KSaOfQkS', 'Mathew', 'Hansen', '016788113615', '1994-2-2', 'm', 1, 1, 4);
insert into members (member_ID, email, pw, first_name, last_name, phone_number, birthday, gender, membership_type_id, duration_group_id, role_id) values (8, 'Norman.Terry935@mail.com', 'HGYdLBIf', 'Norman', 'Terry', '313859086142', '1990-11-4', 'm', 2, 2, 4);
insert into members (member_ID, email, pw, first_name, last_name, phone_number, birthday, gender, membership_type_id, duration_group_id, role_id) values (9, 'Greg.Goodman289@mail.com', 'rczIvqcx', 'Greg', 'Goodman', '236526990144', '2012-6-16', 'm', 2, 3, 4);
insert into members (member_ID, email, pw, first_name, last_name, phone_number, birthday, gender, membership_type_id, duration_group_id, role_id) values (10, 'Hamilton.Reyes239@mail.com', 'roBYtumQ', 'Hamilton', 'Reyes', '980495298080', '1950-2-8', 'm', 1, 2, 4);
insert into members (member_ID, email, pw, first_name, last_name, phone_number, birthday, gender, membership_type_id, duration_group_id, role_id) values (11, 'Neill.Cobb662@mail.com', 'XsZPBjZD', 'Neill', 'Cobb', '763411474650', '2020-6-25', 'm', 1, 2, 4);
insert into members (member_ID, email, pw, first_name, last_name, phone_number, birthday, gender, membership_type_id, duration_group_id, role_id) values (12, 'Ryan.Diaz941@mail.com', 'qsmTzFfA', 'Ryan', 'Diaz', '997284621624', '1959-12-19', 'm', 2, 2, 4);
insert into members (member_ID, email, pw, first_name, last_name, phone_number, birthday, gender, membership_type_id, duration_group_id, role_id) values (13, 'Riccardo.Brady615@mail.com', 'IzwbAtif', 'Riccardo', 'Brady', '629525770557', '1940-12-6', 'm', 2, 3, 4);
insert into members (member_ID, email, pw, first_name, last_name, phone_number, birthday, gender, membership_type_id, duration_group_id, role_id) values (14, 'Archibald.Brooks410@mail.com', 'qTIrAdNO', 'Archibald', 'Brooks', '112887850878', '1981-3-8', 'm', 2, 2, 4);
insert into members (member_ID, email, pw, first_name, last_name, phone_number, birthday, gender, membership_type_id, duration_group_id, role_id) values (15, 'Chad.Morales441@mail.com', 'klwdRTKi', 'Chad', 'Morales', '135122820744', '2002-12-20', 'm', 2, 2, 4);
insert into members (member_ID, email, pw, first_name, last_name, phone_number, birthday, gender, membership_type_id, duration_group_id, role_id) values (16, 'Aaron.Hammond157@mail.com', 'UbftNPDJ', 'Aaron', 'Hammond', '034036842180', '2012-5-23', 'm', 2, 3, 4);
insert into members (member_ID, email, pw, first_name, last_name, phone_number, birthday, gender, membership_type_id, duration_group_id, role_id) values (17, 'Edmond.Wise961@mail.com', 'UELCJnQZ', 'Edmond', 'Wise', '939819208326', '2008-7-16', 'm', 1, 3, 4);
insert into members (member_ID, email, pw, first_name, last_name, phone_number, birthday, gender, membership_type_id, duration_group_id, role_id) values (18, 'Clarke.Anderson904@mail.com', 'xuEUSIwd', 'Clarke', 'Anderson', '563882808381', '1963-1-14', 'm', 2, 3, 4);
insert into members (member_ID, email, pw, first_name, last_name, phone_number, birthday, gender, membership_type_id, duration_group_id, role_id) values (19, 'Juan.Molina568@mail.com', 'pboWfRCi', 'Juan', 'Molina', '413293368257', '1956-7-7', 'm', 1, 3, 4);
insert into members (member_ID, email, pw, first_name, last_name, phone_number, birthday, gender, membership_type_id, duration_group_id, role_id) values (20, 'Ceri.Short213@mail.com', 'ZBRWjoxk', 'Ceri', 'Short', '728103824530', '2018-7-18', 'm', 1, 2, 4);
insert into members (member_ID, email, pw, first_name, last_name, phone_number, birthday, gender, membership_type_id, duration_group_id, role_id) values (21, 'Clint.Morrow921@mail.com', 'wymIzlqD', 'Clint', 'Morrow', '952284902656', '2003-2-21', 'm', 1, 3, 4);
insert into members (member_ID, email, pw, first_name, last_name, phone_number, birthday, gender, membership_type_id, duration_group_id, role_id) values (22, 'Tommy.Castillo960@mail.com', 'FZEVYOJr', 'Tommy', 'Castillo', '602680049810', '2007-11-20', 'm', 1, 3, 4);
insert into members (member_ID, email, pw, first_name, last_name, phone_number, birthday, gender, membership_type_id, duration_group_id, role_id) values (23, 'Chun.Santiago244@mail.com', 'uMLzKKMM', 'Chun', 'Santiago', '102340279465', '1954-2-10', 'm', 1, 4, 4);
insert into members (member_ID, email, pw, first_name, last_name, phone_number, birthday, gender, membership_type_id, duration_group_id, role_id) values (24, 'Timothy.Pacheco812@mail.com', 'PYNmnVwt', 'Timothy', 'Pacheco', '522343413900', '1997-2-21', 'm', 1, 2, 4);
insert into members (member_ID, email, pw, first_name, last_name, phone_number, birthday, gender, membership_type_id, duration_group_id, role_id) values (25, 'Thomas.Robbins17@mail.com', 'ltDNMAOL', 'Thomas', 'Robbins', '249116962716', '1938-11-2', 'm', 2, 2, 4);
insert into members (member_ID, email, pw, first_name, last_name, phone_number, birthday, gender, membership_type_id, duration_group_id, role_id) values (26, 'Henry.Oconnor689@mail.com', 'fKfKhvBs', 'Henry', 'Oconnor', '986390937540', '1982-8-2', 'm', 1, 2, 4);
insert into members (member_ID, email, pw, first_name, last_name, phone_number, birthday, gender, membership_type_id, duration_group_id, role_id) values (27, 'Leon.Stone876@mail.com', 'tRViXJWg', 'Leon', 'Stone', '462216925641', '1984-10-15', 'm', 1, 1, 4);
insert into members (member_ID, email, pw, first_name, last_name, phone_number, birthday, gender, membership_type_id, duration_group_id, role_id) values (28, 'Brian.Silva538@mail.com', 'JMJbPGzq', 'Brian', 'Silva', '687006709033', '1941-6-25', 'm', 2, 2, 4);
insert into members (member_ID, email, pw, first_name, last_name, phone_number, birthday, gender, membership_type_id, duration_group_id, role_id) values (29, 'Wai.Freeman815@mail.com', 'oiaDbJcy', 'Wai', 'Freeman', '203354672270', '2019-10-24', 'm', 2, 1, 4);
insert into members (member_ID, email, pw, first_name, last_name, phone_number, birthday, gender, membership_type_id, duration_group_id, role_id) values (30, 'Wayne.Meyer315@mail.com', 'GJNRwWJH', 'Wayne', 'Meyer', '602361823601', '1937-10-11', 'm', 1, 3, 4);
insert into members (member_ID, email, pw, first_name, last_name, phone_number, birthday, gender, membership_type_id, duration_group_id, role_id) values (31, 'Ross.Guerra458@mail.com', 'lLnaOmbK', 'Ross', 'Guerra', '770260793395', '1935-6-3', 'm', 2, 3, 4);
insert into members (member_ID, email, pw, first_name, last_name, phone_number, birthday, gender, membership_type_id, duration_group_id, role_id) values (32, 'Arran.Nguyen381@mail.com', 'qTuRrVpx', 'Arran', 'Nguyen', '382365362481', '2006-4-9', 'm', 1, 3, 4);
insert into members (member_ID, email, pw, first_name, last_name, phone_number, birthday, gender, membership_type_id, duration_group_id, role_id) values (33, 'Timothy.Santiago220@mail.com', 'uxhIjglV', 'Timothy', 'Santiago', '817548741149', '1968-4-2', 'm', 2, 3, 4);
insert into members (member_ID, email, pw, first_name, last_name, phone_number, birthday, gender, membership_type_id, duration_group_id, role_id) values (34, 'Guy.Warren874@mail.com', 'fqOaqlFc', 'Guy', 'Warren', '630889901669', '1973-3-27', 'm', 1, 3, 4);
insert into members (member_ID, email, pw, first_name, last_name, phone_number, birthday, gender, membership_type_id, duration_group_id, role_id) values (35, 'Maxwell.White51@mail.com', 'KOmecjwo', 'Maxwell', 'White', '581214996287', '1964-2-26', 'm', 1, 2, 4);
insert into members (member_ID, email, pw, first_name, last_name, phone_number, birthday, gender, membership_type_id, duration_group_id, role_id) values (36, 'Eamonn.Dennis820@mail.com', 'tsEZalyZ', 'Eamonn', 'Dennis', '836111914085', '1948-10-27', 'm', 1, 3, 4);
insert into members (member_ID, email, pw, first_name, last_name, phone_number, birthday, gender, membership_type_id, duration_group_id, role_id) values (37, 'Ruaridh.Schneider606@mail.com', 'CSKSvLgk', 'Ruaridh', 'Schneider', '577897377600', '1939-1-22', 'm', 2, 3, 4);
insert into members (member_ID, email, pw, first_name, last_name, phone_number, birthday, gender, membership_type_id, duration_group_id, role_id) values (38, 'Donald.Hardy670@mail.com', 'qHPDIoYf', 'Donald', 'Hardy', '524144963560', '2010-9-15', 'm', 2, 3, 4);
insert into members (member_ID, email, pw, first_name, last_name, phone_number, birthday, gender, membership_type_id, duration_group_id, role_id) values (39, 'Robbie.Weiss558@mail.com', 'OwMJYokr', 'Robbie', 'Weiss', '280404302211', '2008-8-18', 'm', 1, 2, 4);
insert into members (member_ID, email, pw, first_name, last_name, phone_number, birthday, gender, membership_type_id, duration_group_id, role_id) values (40, 'Mathew.Tyler38@mail.com', 'alkQotTT', 'Mathew', 'Tyler', '027716454566', '1931-3-26', 'm', 1, 2, 4);
insert into members (member_ID, email, pw, first_name, last_name, phone_number, birthday, gender, membership_type_id, duration_group_id, role_id) values (41, 'Alistair.Bailey897@mail.com', 'piqnRCEH', 'Alistair', 'Bailey', '607786315488', '2010-9-15', 'm', 2, 2, 4);
insert into members (member_ID, email, pw, first_name, last_name, phone_number, birthday, gender, membership_type_id, duration_group_id, role_id) values (42, 'Noel.Yang98@mail.com', 'BwrTLXOv', 'Noel', 'Yang', '830885226794', '2019-11-21', 'm', 1, 3, 4);
insert into members (member_ID, email, pw, first_name, last_name, phone_number, birthday, gender, membership_type_id, duration_group_id, role_id) values (43, 'Paul.Goodwin962@mail.com', 'kzqHpqef', 'Paul', 'Goodwin', '944404051397', '1968-10-3', 'm', 1, 3, 4);
insert into members (member_ID, email, pw, first_name, last_name, phone_number, birthday, gender, membership_type_id, duration_group_id, role_id) values (44, 'Dean.Huang895@mail.com', 'mZTZtOTf', 'Dean', 'Huang', '683060902013', '1981-7-26', 'm', 1, 1, 4);
insert into members (member_ID, email, pw, first_name, last_name, phone_number, birthday, gender, membership_type_id, duration_group_id, role_id) values (45, 'Derek.Rodriguez482@mail.com', 'aSVBANMV', 'Derek', 'Rodriguez', '881548461255', '1984-2-9', 'm', 1, 3, 4);
insert into members (member_ID, email, pw, first_name, last_name, phone_number, birthday, gender, membership_type_id, duration_group_id, role_id) values (46, 'Imran.Hunt152@mail.com', 'ueSHcHTv', 'Imran', 'Hunt', '871797075970', '1963-1-4', 'm', 1, 2, 4);
insert into members (member_ID, email, pw, first_name, last_name, phone_number, birthday, gender, membership_type_id, duration_group_id, role_id) values (47, 'Ashok.Gilbert55@mail.com', 'pskQEnxJ', 'Ashok', 'Gilbert', '970841665514', '1999-1-19', 'm', 1, 3, 4);
insert into members (member_ID, email, pw, first_name, last_name, phone_number, birthday, gender, membership_type_id, duration_group_id, role_id) values (48, 'Liam.Hart373@mail.com', 'MSmjFqmg', 'Liam', 'Hart', '153578018586', '1960-5-24', 'm', 1, 3, 4);
insert into members (member_ID, email, pw, first_name, last_name, phone_number, birthday, gender, membership_type_id, duration_group_id, role_id) values (49, 'Ivor.Fisher205@mail.com', 'rDUwqCXt', 'Ivor', 'Fisher', '032860587866', '1941-8-4', 'm', 1, 3, 4);
insert into members (member_ID, email, pw, first_name, last_name, phone_number, birthday, gender, membership_type_id, duration_group_id, role_id) values (50, 'Clayton.Clayton365@mail.com', 'oaAHiupb', 'Clayton', 'Clayton', '856767278719', '1944-2-4', 'm', 1, 1, 4);
insert into members (member_ID, email, pw, first_name, last_name, phone_number, birthday, gender, membership_type_id, duration_group_id, role_id) values (51, 'Marco.Dean100@mail.com', 'QxmlHQvG', 'Marco', 'Dean', '967576970421', '2019-3-24', 'm', 1, 2, 4);
insert into members (member_ID, email, pw, first_name, last_name, phone_number, birthday, gender, membership_type_id, duration_group_id, role_id) values (52, 'Glen.Rodriguez824@mail.com', 'vOEEOwvd', 'Glen', 'Rodriguez', '955152930083', '1961-5-1', 'm', 1, 1, 4);
insert into members (member_ID, email, pw, first_name, last_name, phone_number, birthday, gender, membership_type_id, duration_group_id, role_id) values (53, 'Chad.Clark649@mail.com', 'ktkdISFa', 'Chad', 'Clark', '458114079229', '1988-4-26', 'm', 2, 1, 4);
insert into members (member_ID, email, pw, first_name, last_name, phone_number, birthday, gender, membership_type_id, duration_group_id, role_id) values (54, 'Jack.Moss56@mail.com', 'qCmmbHjN', 'Jack', 'Moss', '964633503344', '1961-9-18', 'm', 1, 3, 4);
insert into members (member_ID, email, pw, first_name, last_name, phone_number, birthday, gender, membership_type_id, duration_group_id, role_id) values (55, 'Nathan.Summers863@mail.com', 'ZutlUkwn', 'Nathan', 'Summers', '167718554454', '1979-7-25', 'm', 1, 4, 4);
insert into members (member_ID, email, pw, first_name, last_name, phone_number, birthday, gender, membership_type_id, duration_group_id, role_id) values (56, 'Ronald.Flores783@mail.com', 'xzyOKnjr', 'Ronald', 'Flores', '443041401943', '1944-12-21', 'm', 1, 2, 4);
insert into members (member_ID, email, pw, first_name, last_name, phone_number, birthday, gender, membership_type_id, duration_group_id, role_id) values (57, 'Robert.Beck394@mail.com', 'zYvmkzBu', 'Robert', 'Beck', '733455228580', '2019-5-18', 'm', 1, 3, 4);
insert into members (member_ID, email, pw, first_name, last_name, phone_number, birthday, gender, membership_type_id, duration_group_id, role_id) values (58, 'Alec.Richards115@mail.com', 'wJaaBFVl', 'Alec', 'Richards', '311993990396', '2003-9-24', 'm', 1, 3, 4);
insert into members (member_ID, email, pw, first_name, last_name, phone_number, birthday, gender, membership_type_id, duration_group_id, role_id) values (59, 'Archibald.Houston513@mail.com', 'wHhLMwfz', 'Archibald', 'Houston', '150135582520', '1987-10-8', 'm', 1, 1, 4);
insert into members (member_ID, email, pw, first_name, last_name, phone_number, birthday, gender, membership_type_id, duration_group_id, role_id) values (60, 'Kenneth.Villarreal414@mail.com', 'YDLKhXmu', 'Kenneth', 'Villarreal', '627537597936', '1991-4-26', 'm', 1, 1, 4);
insert into members (member_ID, email, pw, first_name, last_name, phone_number, birthday, gender, membership_type_id, duration_group_id, role_id) values (61, 'Brian.Mccoy31@mail.com', 'ftbjojuc', 'Brian', 'Mccoy', '148951841620', '1961-2-5', 'm', 2, 3, 4);
insert into members (member_ID, email, pw, first_name, last_name, phone_number, birthday, gender, membership_type_id, duration_group_id, role_id) values (62, 'Maxwell.Dennis974@mail.com', 'IcELFsDs', 'Maxwell', 'Dennis', '973243065507', '2002-12-12', 'm', 1, 2, 4);
insert into members (member_ID, email, pw, first_name, last_name, phone_number, birthday, gender, membership_type_id, duration_group_id, role_id) values (63, 'Dale.Terry986@mail.com', 'wQZknSJg', 'Dale', 'Terry', '972379508132', '1979-5-12', 'm', 2, 1, 4);
insert into members (member_ID, email, pw, first_name, last_name, phone_number, birthday, gender, membership_type_id, duration_group_id, role_id) values (64, 'Ashley.Gill653@mail.com', 'axkckpsW', 'Ashley', 'Gill', '133476748229', '1968-9-5', 'm', 1, 2, 4);
insert into members (member_ID, email, pw, first_name, last_name, phone_number, birthday, gender, membership_type_id, duration_group_id, role_id) values (65, 'Gilbert.Jennings641@mail.com', 'hRCkBEIA', 'Gilbert', 'Jennings', '775955941943', '1971-3-27', 'm', 1, 3, 4);
insert into members (member_ID, email, pw, first_name, last_name, phone_number, birthday, gender, membership_type_id, duration_group_id, role_id) values (66, 'Kerr.Perry473@mail.com', 'SoCpwPaz', 'Kerr', 'Perry', '404320478126', '1939-1-8', 'm', 1, 3, 4);
insert into members (member_ID, email, pw, first_name, last_name, phone_number, birthday, gender, membership_type_id, duration_group_id, role_id) values (67, 'Darryl.Stone975@mail.com', 'eZYLcPll', 'Darryl', 'Stone', '420286724608', '1931-5-12', 'm', 2, 2, 4);
insert into members (member_ID, email, pw, first_name, last_name, phone_number, birthday, gender, membership_type_id, duration_group_id, role_id) values (68, 'Douglas.Bowman690@mail.com', 'qqDpJNpx', 'Douglas', 'Bowman', '006893847706', '2018-11-22', 'm', 1, 2, 4);
insert into members (member_ID, email, pw, first_name, last_name, phone_number, birthday, gender, membership_type_id, duration_group_id, role_id) values (69, 'Daniel.Pham938@mail.com', 'lJcNPxRD', 'Daniel', 'Pham', '766754128577', '1974-5-6', 'm', 1, 1, 4);
insert into members (member_ID, email, pw, first_name, last_name, phone_number, birthday, gender, membership_type_id, duration_group_id, role_id) values (70, 'Lawrence.Flynn385@mail.com', 'ZpxIzrXi', 'Lawrence', 'Flynn', '937551001102', '1970-9-22', 'm', 1, 4, 4);
insert into members (member_ID, email, pw, first_name, last_name, phone_number, birthday, gender, membership_type_id, duration_group_id, role_id) values (71, 'Riccardo.Torres822@mail.com', 'bEiwrIvX', 'Riccardo', 'Torres', '691581218916', '1990-10-18', 'm', 2, 3, 4);
insert into members (member_ID, email, pw, first_name, last_name, phone_number, birthday, gender, membership_type_id, duration_group_id, role_id) values (72, 'Gregory.Baldwin434@mail.com', 'YgeyLmoh', 'Gregory', 'Baldwin', '752133566960', '2020-1-5', 'm', 1, 3, 4);
insert into members (member_ID, email, pw, first_name, last_name, phone_number, birthday, gender, membership_type_id, duration_group_id, role_id) values (73, 'Arron.Robbins160@mail.com', 'eSVhguaD', 'Arron', 'Robbins', '053824960219', '1937-11-2', 'm', 1, 2, 4);
insert into members (member_ID, email, pw, first_name, last_name, phone_number, birthday, gender, membership_type_id, duration_group_id, role_id) values (74, 'Ainslie.Hammond332@mail.com', 'oHAhAbXp', 'Ainslie', 'Hammond', '122223614102', '2017-2-11', 'm', 1, 2, 4);
insert into members (member_ID, email, pw, first_name, last_name, phone_number, birthday, gender, membership_type_id, duration_group_id, role_id) values (75, 'Daren.Vega84@mail.com', 'CGUWxhBc', 'Daren', 'Vega', '128355200067', '1965-5-14', 'm', 1, 2, 4);
insert into members (member_ID, email, pw, first_name, last_name, phone_number, birthday, gender, membership_type_id, duration_group_id, role_id) values (76, 'Duncan.Stephens241@mail.com', 'SgPIaUju', 'Duncan', 'Stephens', '860950917653', '1934-3-7', 'm', 1, 3, 4);
insert into members (member_ID, email, pw, first_name, last_name, phone_number, birthday, gender, membership_type_id, duration_group_id, role_id) values (77, 'Steven.Richards790@mail.com', 'TWVFgWNw', 'Steven', 'Richards', '678784911409', '1950-3-22', 'm', 2, 1, 4);
insert into members (member_ID, email, pw, first_name, last_name, phone_number, birthday, gender, membership_type_id, duration_group_id, role_id) values (78, 'Steven.Flynn713@mail.com', 'fqsFcyoV', 'Steven', 'Flynn', '503907187139', '1956-7-24', 'm', 1, 2, 4);
insert into members (member_ID, email, pw, first_name, last_name, phone_number, birthday, gender, membership_type_id, duration_group_id, role_id) values (79, 'Ivan.Molina804@mail.com', 'OxYHJXJV', 'Ivan', 'Molina', '155316880926', '1977-2-6', 'm', 1, 3, 4);
insert into members (member_ID, email, pw, first_name, last_name, phone_number, birthday, gender, membership_type_id, duration_group_id, role_id) values (80, 'Clint.Hudson450@mail.com', 'OAImqZnC', 'Clint', 'Hudson', '712142361863', '1948-8-23', 'm', 1, 2, 4);
insert into members (member_ID, email, pw, first_name, last_name, phone_number, birthday, gender, membership_type_id, duration_group_id, role_id) values (81, 'Laurence.Contreras432@mail.com', 'zIqWjlzG', 'Laurence', 'Contreras', '100991096178', '1951-6-4', 'm', 1, 2, 4);
insert into members (member_ID, email, pw, first_name, last_name, phone_number, birthday, gender, membership_type_id, duration_group_id, role_id) values (82, 'Darron.Mckenzie448@mail.com', 'BZRPViGR', 'Darron', 'Mckenzie', '291440615275', '1990-11-5', 'm', 1, 4, 4);
insert into members (member_ID, email, pw, first_name, last_name, phone_number, birthday, gender, membership_type_id, duration_group_id, role_id) values (83, 'Simon.Smith426@mail.com', 'rWdTTIYE', 'Simon', 'Smith', '709905613870', '1971-1-19', 'm', 1, 3, 4);
insert into members (member_ID, email, pw, first_name, last_name, phone_number, birthday, gender, membership_type_id, duration_group_id, role_id) values (84, 'Matthew.Frank103@mail.com', 'iKTPtMfn', 'Matthew', 'Frank', '579939418095', '1940-11-8', 'm', 1, 3, 4);
insert into members (member_ID, email, pw, first_name, last_name, phone_number, birthday, gender, membership_type_id, duration_group_id, role_id) values (85, 'Deryck.Castillo969@mail.com', 'mIjujMTq', 'Deryck', 'Castillo', '965499766465', '1942-11-10', 'm', 1, 1, 4);
insert into members (member_ID, email, pw, first_name, last_name, phone_number, birthday, gender, membership_type_id, duration_group_id, role_id) values (86, 'Tom.Paul891@mail.com', 'otnVysvX', 'Tom', 'Paul', '378649860718', '2009-3-24', 'm', 1, 3, 4);
insert into members (member_ID, email, pw, first_name, last_name, phone_number, birthday, gender, membership_type_id, duration_group_id, role_id) values (87, 'Quentin.Montgomery870@mail.com', 'zmwgIrAt', 'Quentin', 'Montgomery', '522437990575', '1942-6-23', 'm', 1, 2, 4);
insert into members (member_ID, email, pw, first_name, last_name, phone_number, birthday, gender, membership_type_id, duration_group_id, role_id) values (88, 'Austin.Jimenez949@mail.com', 'BLgvOTiC', 'Austin', 'Jimenez', '155370015289', '1990-4-11', 'm', 1, 1, 4);
insert into members (member_ID, email, pw, first_name, last_name, phone_number, birthday, gender, membership_type_id, duration_group_id, role_id) values (89, 'Roderick.Peterson570@mail.com', 'WiYzhMDi', 'Roderick', 'Peterson', '693465352826', '2020-10-1', 'm', 1, 1, 4);
insert into members (member_ID, email, pw, first_name, last_name, phone_number, birthday, gender, membership_type_id, duration_group_id, role_id) values (90, 'Allen.Johnston861@mail.com', 'xfAfpEUt', 'Allen', 'Johnston', '804967648318', '1951-3-27', 'm', 1, 4, 4);
insert into members (member_ID, email, pw, first_name, last_name, phone_number, birthday, gender, membership_type_id, duration_group_id, role_id) values (91, 'Tommy.Walsh782@mail.com', 'feuPkuSB', 'Tommy', 'Walsh', '864311793204', '1960-4-13', 'm', 1, 2, 4);
insert into members (member_ID, email, pw, first_name, last_name, phone_number, birthday, gender, membership_type_id, duration_group_id, role_id) values (92, 'Marc.Moran865@mail.com', 'bqEgvPSJ', 'Marc', 'Moran', '140696096501', '1970-5-5', 'm', 2, 1, 4);
insert into members (member_ID, email, pw, first_name, last_name, phone_number, birthday, gender, membership_type_id, duration_group_id, role_id) values (93, 'Geoff.Quinn326@mail.com', 'SOCyKwXv', 'Geoff', 'Quinn', '791328024502', '2011-8-19', 'm', 2, 3, 4);
insert into members (member_ID, email, pw, first_name, last_name, phone_number, birthday, gender, membership_type_id, duration_group_id, role_id) values (94, 'Robin.Jimenez799@mail.com', 'TFkjblLV', 'Robin', 'Jimenez', '738473348819', '1935-2-4', 'm', 1, 2, 4);
insert into members (member_ID, email, pw, first_name, last_name, phone_number, birthday, gender, membership_type_id, duration_group_id, role_id) values (95, 'Erik.Houston865@mail.com', 'GqAarqaN', 'Erik', 'Houston', '571074400027', '2013-5-13', 'm', 2, 2, 4);
insert into members (member_ID, email, pw, first_name, last_name, phone_number, birthday, gender, membership_type_id, duration_group_id, role_id) values (96, 'Gareth.Watkins247@mail.com', 'GeEhoemV', 'Gareth', 'Watkins', '889676196808', '1979-9-15', 'm', 2, 3, 4);
insert into members (member_ID, email, pw, first_name, last_name, phone_number, birthday, gender, membership_type_id, duration_group_id, role_id) values (97, 'Carl.Charles815@mail.com', 'nFonfkfm', 'Carl', 'Charles', '129371025417', '2013-12-15', 'm', 1, 2, 4);
insert into members (member_ID, email, pw, first_name, last_name, phone_number, birthday, gender, membership_type_id, duration_group_id, role_id) values (98, 'Douglas.Owens768@mail.com', 'ORGLQzgc', 'Douglas', 'Owens', '901924835586', '1978-11-15', 'm', 1, 2, 4);
insert into members (member_ID, email, pw, first_name, last_name, phone_number, birthday, gender, membership_type_id, duration_group_id, role_id) values (99, 'Barry.Sanders523@mail.com', 'gIsTiMgA', 'Barry', 'Sanders', '978711500705', '1972-7-21', 'm', 2, 2, 4);
insert into members (member_ID, email, pw, first_name, last_name, phone_number, birthday, gender, membership_type_id, duration_group_id, role_id) values (100, 'Jack.Ibarra941@mail.com', 'MmVtqvoN', 'Jack', 'Ibarra', '008154360801', '2013-11-5', 'm', 2, 3, 4);

insert into members (member_ID, email, pw, first_name, last_name, phone_number, birthday, gender, membership_type_id, duration_group_id, role_id) values (101, 'Agnes.Mccoy873@mail.com', 'HMrpqXZX', 'Agnes', 'Mccoy', '891764159360', '1980-12-24', 'f', 2, 3, 4);
insert into members (member_ID, email, pw, first_name, last_name, phone_number, birthday, gender, membership_type_id, duration_group_id, role_id) values (102, 'Katriona.Gill137@mail.com', 'IqQctSXg', 'Katriona', 'Gill', '602256523945', '1937-1-3', 'f', 1, 1, 4);
insert into members (member_ID, email, pw, first_name, last_name, phone_number, birthday, gender, membership_type_id, duration_group_id, role_id) values (103, 'Vicki.Wang712@mail.com', 'TGfloBZu', 'Vicki', 'Wang', '346236176797', '2004-6-11', 'f', 2, 2, 4);
insert into members (member_ID, email, pw, first_name, last_name, phone_number, birthday, gender, membership_type_id, duration_group_id, role_id) values (104, 'Sharlene.Wade497@mail.com', 'CoZEjlAT', 'Sharlene', 'Wade', '188386778640', '2012-7-6', 'f', 1, 2, 4);
insert into members (member_ID, email, pw, first_name, last_name, phone_number, birthday, gender, membership_type_id, duration_group_id, role_id) values (105, 'Jane.Ray212@mail.com', 'izANrgTd', 'Jane', 'Ray', '627051610345', '1987-12-24', 'f', 2, 2, 4);
insert into members (member_ID, email, pw, first_name, last_name, phone_number, birthday, gender, membership_type_id, duration_group_id, role_id) values (106, 'Suzanne.Reese896@mail.com', 'KNVRJRzh', 'Suzanne', 'Reese', '628922432609', '2009-9-1', 'f', 1, 3, 4);
insert into members (member_ID, email, pw, first_name, last_name, phone_number, birthday, gender, membership_type_id, duration_group_id, role_id) values (107, 'Elaine.Roberts467@mail.com', 'EKOfTAEr', 'Elaine', 'Roberts', '013902470631', '1935-6-18', 'f', 1, 4, 4);
insert into members (member_ID, email, pw, first_name, last_name, phone_number, birthday, gender, membership_type_id, duration_group_id, role_id) values (108, 'Morven.Joseph87@mail.com', 'HarvWXPe', 'Morven', 'Joseph', '783178397647', '1971-4-16', 'f', 2, 1, 4);
insert into members (member_ID, email, pw, first_name, last_name, phone_number, birthday, gender, membership_type_id, duration_group_id, role_id) values (109, 'Bernadette.Guzman433@mail.com', 'yUExkCJJ', 'Bernadette', 'Guzman', '305583332416', '2005-5-5', 'f', 1, 1, 4);
insert into members (member_ID, email, pw, first_name, last_name, phone_number, birthday, gender, membership_type_id, duration_group_id, role_id) values (110, 'Sandra.Walters917@mail.com', 'TnUthUsw', 'Sandra', 'Walters', '119150345491', '1994-8-23', 'f', 1, 3, 4);
insert into members (member_ID, email, pw, first_name, last_name, phone_number, birthday, gender, membership_type_id, duration_group_id, role_id) values (111, 'Jill.Watts996@mail.com', 'BVcCBJyY', 'Jill', 'Watts', '652457651598', '1937-9-13', 'f', 1, 1, 4);
insert into members (member_ID, email, pw, first_name, last_name, phone_number, birthday, gender, membership_type_id, duration_group_id, role_id) values (112, 'Lorraine.Mason995@mail.com', 'fwdUedhY', 'Lorraine', 'Mason', '017930348912', '1943-2-27', 'f', 2, 3, 4);
insert into members (member_ID, email, pw, first_name, last_name, phone_number, birthday, gender, membership_type_id, duration_group_id, role_id) values (113, 'Adrienne.Johnson92@mail.com', 'XcdHoLig', 'Adrienne', 'Johnson', '755318073963', '1995-2-12', 'f', 1, 1, 4);
insert into members (member_ID, email, pw, first_name, last_name, phone_number, birthday, gender, membership_type_id, duration_group_id, role_id) values (114, 'Morna.Adkins625@mail.com', 'vsaNZvSj', 'Morna', 'Adkins', '545592671299', '1984-9-19', 'f', 2, 4, 4);
insert into members (member_ID, email, pw, first_name, last_name, phone_number, birthday, gender, membership_type_id, duration_group_id, role_id) values (115, 'Morven.Farmer455@mail.com', 'DOkpIKLE', 'Morven', 'Farmer', '771634575569', '2013-9-17', 'f', 1, 1, 4);
insert into members (member_ID, email, pw, first_name, last_name, phone_number, birthday, gender, membership_type_id, duration_group_id, role_id) values (116, 'Maree.Mcgee346@mail.com', 'ULnzpHMI', 'Maree', 'Mcgee', '535227994416', '1933-7-14', 'f', 1, 2, 4);
insert into members (member_ID, email, pw, first_name, last_name, phone_number, birthday, gender, membership_type_id, duration_group_id, role_id) values (117, 'Catriona.Lyons550@mail.com', 'ISOlbDNy', 'Catriona', 'Lyons', '051476094623', '2010-9-27', 'f', 2, 3, 4);
insert into members (member_ID, email, pw, first_name, last_name, phone_number, birthday, gender, membership_type_id, duration_group_id, role_id) values (118, 'Tanya.Hanson702@mail.com', 'FAKonNsf', 'Tanya', 'Hanson', '710457682187', '2000-10-11', 'f', 1, 1, 4);
insert into members (member_ID, email, pw, first_name, last_name, phone_number, birthday, gender, membership_type_id, duration_group_id, role_id) values (119, 'Cecilia.Holland835@mail.com', 'QTzxKKrI', 'Cecilia', 'Holland', '662837302192', '2007-3-4', 'f', 1, 2, 4);
insert into members (member_ID, email, pw, first_name, last_name, phone_number, birthday, gender, membership_type_id, duration_group_id, role_id) values (120, 'Jacqueline.Cole923@mail.com', 'JcDbxmDs', 'Jacqueline', 'Cole', '069713895718', '2017-5-25', 'f', 1, 2, 4);
insert into members (member_ID, email, pw, first_name, last_name, phone_number, birthday, gender, membership_type_id, duration_group_id, role_id) values (121, 'Evelyn.Oliver588@mail.com', 'jSdHjQYC', 'Evelyn', 'Oliver', '077441582244', '1958-1-5', 'f', 1, 2, 4);
insert into members (member_ID, email, pw, first_name, last_name, phone_number, birthday, gender, membership_type_id, duration_group_id, role_id) values (122, 'Eva.Baldwin732@mail.com', 'OGsYkmef', 'Eva', 'Baldwin', '482162941386', '2009-4-23', 'f', 1, 2, 4);
insert into members (member_ID, email, pw, first_name, last_name, phone_number, birthday, gender, membership_type_id, duration_group_id, role_id) values (123, 'Jacqueline.Figueroa374@mail.com', 'NICxLpAi', 'Jacqueline', 'Figueroa', '502833825731', '2014-3-5', 'f', 1, 2, 4);
insert into members (member_ID, email, pw, first_name, last_name, phone_number, birthday, gender, membership_type_id, duration_group_id, role_id) values (124, 'Simone.Becker717@mail.com', 'JrnryQzN', 'Simone', 'Becker', '410443185791', '1938-11-21', 'f', 2, 1, 4);
insert into members (member_ID, email, pw, first_name, last_name, phone_number, birthday, gender, membership_type_id, duration_group_id, role_id) values (125, 'Cecilia.Flowers977@mail.com', 'MRORAgTH', 'Cecilia', 'Flowers', '473136490013', '1943-1-12', 'f', 2, 3, 4);
insert into members (member_ID, email, pw, first_name, last_name, phone_number, birthday, gender, membership_type_id, duration_group_id, role_id) values (126, 'Morven.Escobar344@mail.com', 'RVTSBRpB', 'Morven', 'Escobar', '461021405065', '1952-11-9', 'f', 1, 3, 4);
insert into members (member_ID, email, pw, first_name, last_name, phone_number, birthday, gender, membership_type_id, duration_group_id, role_id) values (127, 'Judith.Tucker622@mail.com', 'ptEyDkLy', 'Judith', 'Tucker', '196175122331', '2001-10-12', 'f', 2, 3, 4);
insert into members (member_ID, email, pw, first_name, last_name, phone_number, birthday, gender, membership_type_id, duration_group_id, role_id) values (128, 'Emily.Walton234@mail.com', 'BduJIRkp', 'Emily', 'Walton', '641226852561', '1986-11-8', 'f', 1, 3, 4);
insert into members (member_ID, email, pw, first_name, last_name, phone_number, birthday, gender, membership_type_id, duration_group_id, role_id) values (129, 'Mhairi.Moore911@mail.com', 'mqByqQwP', 'Mhairi', 'Moore', '373834600080', '1994-6-19', 'f', 1, 1, 4);
insert into members (member_ID, email, pw, first_name, last_name, phone_number, birthday, gender, membership_type_id, duration_group_id, role_id) values (130, 'Michelle.Ball209@mail.com', 'QhpSfMDV', 'Michelle', 'Ball', '519001939473', '1985-11-7', 'f', 1, 3, 4);
insert into members (member_ID, email, pw, first_name, last_name, phone_number, birthday, gender, membership_type_id, duration_group_id, role_id) values (131, 'Carole.Liu63@mail.com', 'ttMzRAsW', 'Carole', 'Liu', '741657228517', '2016-5-5', 'f', 2, 1, 4);
insert into members (member_ID, email, pw, first_name, last_name, phone_number, birthday, gender, membership_type_id, duration_group_id, role_id) values (132, 'Arleen.Weaver364@mail.com', 'BqNEFPpN', 'Arleen', 'Weaver', '998329618219', '2016-8-13', 'f', 1, 2, 4);
insert into members (member_ID, email, pw, first_name, last_name, phone_number, birthday, gender, membership_type_id, duration_group_id, role_id) values (133, 'Karin.Brock182@mail.com', 'CKqNZYLj', 'Karin', 'Brock', '795725471975', '1930-6-18', 'f', 1, 4, 4);
insert into members (member_ID, email, pw, first_name, last_name, phone_number, birthday, gender, membership_type_id, duration_group_id, role_id) values (134, 'Gail.Glover108@mail.com', 'iToDvenF', 'Gail', 'Glover', '260633519513', '1957-2-27', 'f', 1, 3, 4);
insert into members (member_ID, email, pw, first_name, last_name, phone_number, birthday, gender, membership_type_id, duration_group_id, role_id) values (135, 'Janine.Simmons651@mail.com', 'ImGUDWRh', 'Janine', 'Simmons', '173226855484', '1930-10-4', 'f', 1, 1, 4);
insert into members (member_ID, email, pw, first_name, last_name, phone_number, birthday, gender, membership_type_id, duration_group_id, role_id) values (136, 'Lynn.Hammond357@mail.com', 'VBopTueO', 'Lynn', 'Hammond', '049990780627', '1993-3-19', 'f', 1, 4, 4);
insert into members (member_ID, email, pw, first_name, last_name, phone_number, birthday, gender, membership_type_id, duration_group_id, role_id) values (137, 'Joanne.Miles110@mail.com', 'eBCkYMIZ', 'Joanne', 'Miles', '521925278307', '1994-9-12', 'f', 1, 2, 4);
insert into members (member_ID, email, pw, first_name, last_name, phone_number, birthday, gender, membership_type_id, duration_group_id, role_id) values (138, 'Karen.Andrade479@mail.com', 'mTLyOkLt', 'Karen', 'Andrade', '408148179379', '1974-2-21', 'f', 1, 1, 4);
insert into members (member_ID, email, pw, first_name, last_name, phone_number, birthday, gender, membership_type_id, duration_group_id, role_id) values (139, 'Laurie.Stokes761@mail.com', 'nWVNtpEk', 'Laurie', 'Stokes', '954748241040', '2009-5-6', 'f', 2, 2, 4);
insert into members (member_ID, email, pw, first_name, last_name, phone_number, birthday, gender, membership_type_id, duration_group_id, role_id) values (140, 'Amelia.Herrera942@mail.com', 'qCOovsJo', 'Amelia', 'Herrera', '225096794478', '1948-12-21', 'f', 1, 4, 4);
insert into members (member_ID, email, pw, first_name, last_name, phone_number, birthday, gender, membership_type_id, duration_group_id, role_id) values (141, 'Kathryn.Davis475@mail.com', 'DTnfFezU', 'Kathryn', 'Davis', '572332061682', '2010-6-20', 'f', 1, 1, 4);
insert into members (member_ID, email, pw, first_name, last_name, phone_number, birthday, gender, membership_type_id, duration_group_id, role_id) values (142, 'Penelope.Rodriguez287@mail.com', 'MWfkpmXb', 'Penelope', 'Rodriguez', '230093076891', '1953-1-21', 'f', 1, 2, 4);
insert into members (member_ID, email, pw, first_name, last_name, phone_number, birthday, gender, membership_type_id, duration_group_id, role_id) values (143, 'Rhona.Mclaughlin741@mail.com', 'AxtsoSUO', 'Rhona', 'Mclaughlin', '998302940637', '1944-2-4', 'f', 1, 3, 4);
insert into members (member_ID, email, pw, first_name, last_name, phone_number, birthday, gender, membership_type_id, duration_group_id, role_id) values (144, 'Roisin.Mccarthy681@mail.com', 'LAMpLvDK', 'Roisin', 'Mccarthy', '651406003367', '1960-4-24', 'f', 1, 3, 4);
insert into members (member_ID, email, pw, first_name, last_name, phone_number, birthday, gender, membership_type_id, duration_group_id, role_id) values (145, 'Anthea.Warren822@mail.com', 'VxPossEy', 'Anthea', 'Warren', '480553131091', '1944-6-10', 'f', 2, 2, 4);
insert into members (member_ID, email, pw, first_name, last_name, phone_number, birthday, gender, membership_type_id, duration_group_id, role_id) values (146, 'Ellen.Wolf963@mail.com', 'yuTjCfyR', 'Ellen', 'Wolf', '434741317264', '1931-10-24', 'f', 2, 1, 4);
insert into members (member_ID, email, pw, first_name, last_name, phone_number, birthday, gender, membership_type_id, duration_group_id, role_id) values (147, 'Anthea.George566@mail.com', 'jBpxXXZz', 'Anthea', 'George', '742950199782', '1960-9-12', 'f', 2, 3, 4);
insert into members (member_ID, email, pw, first_name, last_name, phone_number, birthday, gender, membership_type_id, duration_group_id, role_id) values (148, 'Alice.Montoya877@mail.com', 'vPCImQaV', 'Alice', 'Montoya', '134770154708', '1980-3-2', 'f', 1, 1, 4);
insert into members (member_ID, email, pw, first_name, last_name, phone_number, birthday, gender, membership_type_id, duration_group_id, role_id) values (149, 'Marianne.Hopkins229@mail.com', 'fDiogwEj', 'Marianne', 'Hopkins', '980994515029', '1960-9-21', 'f', 1, 1, 4);
insert into members (member_ID, email, pw, first_name, last_name, phone_number, birthday, gender, membership_type_id, duration_group_id, role_id) values (150, 'Lyndsay.Valencia450@mail.com', 'eHQCllSk', 'Lyndsay', 'Valencia', '490703357609', '2010-5-19', 'f', 1, 3, 4);
insert into members (member_ID, email, pw, first_name, last_name, phone_number, birthday, gender, membership_type_id, duration_group_id, role_id) values (151, 'Alexandria.Berry766@mail.com', 'nCHTLSKA', 'Alexandria', 'Berry', '888942667788', '1939-11-27', 'f', 1, 3, 4);
insert into members (member_ID, email, pw, first_name, last_name, phone_number, birthday, gender, membership_type_id, duration_group_id, role_id) values (152, 'Nadia.Adkins525@mail.com', 'MisLFYXp', 'Nadia', 'Adkins', '571627374397', '2011-11-12', 'f', 1, 3, 4);
insert into members (member_ID, email, pw, first_name, last_name, phone_number, birthday, gender, membership_type_id, duration_group_id, role_id) values (153, 'Martha.Sims171@mail.com', 'OzCbNGff', 'Martha', 'Sims', '781955104888', '2019-3-14', 'f', 2, 2, 4);
insert into members (member_ID, email, pw, first_name, last_name, phone_number, birthday, gender, membership_type_id, duration_group_id, role_id) values (154, 'Naomi.Miranda659@mail.com', 'CfFJVZsk', 'Naomi', 'Miranda', '690833043739', '1988-5-2', 'f', 1, 4, 4);
insert into members (member_ID, email, pw, first_name, last_name, phone_number, birthday, gender, membership_type_id, duration_group_id, role_id) values (155, 'Jenny.Sanders848@mail.com', 'vdGcAaEu', 'Jenny', 'Sanders', '897767626067', '1933-3-4', 'f', 1, 1, 4);
insert into members (member_ID, email, pw, first_name, last_name, phone_number, birthday, gender, membership_type_id, duration_group_id, role_id) values (156, 'Andrena.Decker301@mail.com', 'tzPVtNTB', 'Andrena', 'Decker', '767390695475', '2020-7-21', 'f', 1, 1, 4);
insert into members (member_ID, email, pw, first_name, last_name, phone_number, birthday, gender, membership_type_id, duration_group_id, role_id) values (157, 'Teri.Nelson309@mail.com', 'GnAyarPE', 'Teri', 'Nelson', '111795756500', '1967-5-16', 'f', 1, 2, 4);
insert into members (member_ID, email, pw, first_name, last_name, phone_number, birthday, gender, membership_type_id, duration_group_id, role_id) values (158, 'Lynne.Mendez894@mail.com', 'gBRsxSzW', 'Lynne', 'Mendez', '772502494168', '2007-1-25', 'f', 2, 3, 4);
insert into members (member_ID, email, pw, first_name, last_name, phone_number, birthday, gender, membership_type_id, duration_group_id, role_id) values (159, 'Catrina.Rangel948@mail.com', 'MLiQdgAn', 'Catrina', 'Rangel', '167993947411', '1969-3-9', 'f', 1, 2, 4);
insert into members (member_ID, email, pw, first_name, last_name, phone_number, birthday, gender, membership_type_id, duration_group_id, role_id) values (160, 'Kerrie.Li511@mail.com', 'ZeqihpkQ', 'Kerrie', 'Li', '246844174279', '1936-11-8', 'f', 1, 4, 4);
insert into members (member_ID, email, pw, first_name, last_name, phone_number, birthday, gender, membership_type_id, duration_group_id, role_id) values (161, 'Lee-Anne.Cervantes921@mail.com', 'ojEuLiCo', 'Lee-Anne', 'Cervantes', '658979404784', '1958-7-13', 'f', 1, 1, 4);
insert into members (member_ID, email, pw, first_name, last_name, phone_number, birthday, gender, membership_type_id, duration_group_id, role_id) values (162, 'Cheryl.Jimenez434@mail.com', 'FiNFWtQk', 'Cheryl', 'Jimenez', '619652034610', '1940-6-20', 'f', 2, 3, 4);
insert into members (member_ID, email, pw, first_name, last_name, phone_number, birthday, gender, membership_type_id, duration_group_id, role_id) values (163, 'Carolyn.Cannon961@mail.com', 'JADIjwXw', 'Carolyn', 'Cannon', '626866172258', '2007-8-22', 'f', 1, 4, 4);
insert into members (member_ID, email, pw, first_name, last_name, phone_number, birthday, gender, membership_type_id, duration_group_id, role_id) values (164, 'Lynette.Long656@mail.com', 'AuEnlcdG', 'Lynette', 'Long', '762957341637', '1951-10-6', 'f', 2, 2, 4);
insert into members (member_ID, email, pw, first_name, last_name, phone_number, birthday, gender, membership_type_id, duration_group_id, role_id) values (165, 'Lorraine.May820@mail.com', 'IwbKAgev', 'Lorraine', 'May', '317419029059', '1969-6-25', 'f', 1, 3, 4);
insert into members (member_ID, email, pw, first_name, last_name, phone_number, birthday, gender, membership_type_id, duration_group_id, role_id) values (166, 'Aileen.Nichols619@mail.com', 'JSjpUQZv', 'Aileen', 'Nichols', '893878050854', '1965-2-14', 'f', 1, 2, 4);
insert into members (member_ID, email, pw, first_name, last_name, phone_number, birthday, gender, membership_type_id, duration_group_id, role_id) values (167, 'Kimberly.Garza388@mail.com', 'VBKamADQ', 'Kimberly', 'Garza', '684176353210', '1969-2-6', 'f', 1, 2, 4);
insert into members (member_ID, email, pw, first_name, last_name, phone_number, birthday, gender, membership_type_id, duration_group_id, role_id) values (168, 'Andrena.Blake261@mail.com', 'TRgIacqC', 'Andrena', 'Blake', '634536199230', '1930-2-3', 'f', 1, 3, 4);
insert into members (member_ID, email, pw, first_name, last_name, phone_number, birthday, gender, membership_type_id, duration_group_id, role_id) values (169, 'Kirsteen.Patrick105@mail.com', 'qWgKKUGj', 'Kirsteen', 'Patrick', '821266120105', '1940-4-3', 'f', 2, 3, 4);
insert into members (member_ID, email, pw, first_name, last_name, phone_number, birthday, gender, membership_type_id, duration_group_id, role_id) values (170, 'Pauline.Gomez898@mail.com', 'ueLMDzsj', 'Pauline', 'Gomez', '644616818258', '1995-12-14', 'f', 1, 3, 4);
insert into members (member_ID, email, pw, first_name, last_name, phone_number, birthday, gender, membership_type_id, duration_group_id, role_id) values (171, 'Norma.Wu812@mail.com', 'UEniPbkk', 'Norma', 'Wu', '084096538211', '1993-8-20', 'f', 2, 2, 4);
insert into members (member_ID, email, pw, first_name, last_name, phone_number, birthday, gender, membership_type_id, duration_group_id, role_id) values (172, 'Isabella.Aguilar458@mail.com', 'GrPvFAps', 'Isabella', 'Aguilar', '285888896767', '1976-2-22', 'f', 1, 2, 4);
insert into members (member_ID, email, pw, first_name, last_name, phone_number, birthday, gender, membership_type_id, duration_group_id, role_id) values (173, 'Brenda.Armstrong871@mail.com', 'gCksTYts', 'Brenda', 'Armstrong', '753954633507', '2001-9-25', 'f', 1, 3, 4);
insert into members (member_ID, email, pw, first_name, last_name, phone_number, birthday, gender, membership_type_id, duration_group_id, role_id) values (174, 'Christina.Stevenson163@mail.com', 'JljavcVv', 'Christina', 'Stevenson', '773154161829', '2009-4-23', 'f', 2, 2, 4);
insert into members (member_ID, email, pw, first_name, last_name, phone_number, birthday, gender, membership_type_id, duration_group_id, role_id) values (175, 'Elspeth.Love12@mail.com', 'yZHhnGdB', 'Elspeth', 'Love', '441802508881', '1998-9-6', 'f', 1, 2, 4);
insert into members (member_ID, email, pw, first_name, last_name, phone_number, birthday, gender, membership_type_id, duration_group_id, role_id) values (176, 'Marianne.Cochran349@mail.com', 'yaMChIgU', 'Marianne', 'Cochran', '909879187466', '1962-9-1', 'f', 1, 3, 4);
insert into members (member_ID, email, pw, first_name, last_name, phone_number, birthday, gender, membership_type_id, duration_group_id, role_id) values (177, 'Nicola.Ward36@mail.com', 'ReWdVsOM', 'Nicola', 'Ward', '067025090011', '2002-9-15', 'f', 2, 4, 4);
insert into members (member_ID, email, pw, first_name, last_name, phone_number, birthday, gender, membership_type_id, duration_group_id, role_id) values (178, 'Sandra.Wheeler911@mail.com', 'daCKyoth', 'Sandra', 'Wheeler', '465025356604', '1947-10-2', 'f', 1, 1, 4);
insert into members (member_ID, email, pw, first_name, last_name, phone_number, birthday, gender, membership_type_id, duration_group_id, role_id) values (179, 'Kirsten.Craig15@mail.com', 'mZvUkjys', 'Kirsten', 'Craig', '429491390494', '1930-8-6', 'f', 2, 3, 4);
insert into members (member_ID, email, pw, first_name, last_name, phone_number, birthday, gender, membership_type_id, duration_group_id, role_id) values (180, 'Gaynor.Sanchez594@mail.com', 'nyDhNoUj', 'Gaynor', 'Sanchez', '404094795101', '1964-8-21', 'f', 1, 4, 4);
insert into members (member_ID, email, pw, first_name, last_name, phone_number, birthday, gender, membership_type_id, duration_group_id, role_id) values (181, 'Melissa.Morales364@mail.com', 'exbiYYrt', 'Melissa', 'Morales', '579659572782', '1982-2-21', 'f', 1, 2, 4);
insert into members (member_ID, email, pw, first_name, last_name, phone_number, birthday, gender, membership_type_id, duration_group_id, role_id) values (182, 'Katriona.Hall812@mail.com', 'lUkhvEid', 'Katriona', 'Hall', '789868962244', '1982-1-18', 'f', 1, 2, 4);
insert into members (member_ID, email, pw, first_name, last_name, phone_number, birthday, gender, membership_type_id, duration_group_id, role_id) values (183, 'Barbara.Hoffman459@mail.com', 'UBDNXCEr', 'Barbara', 'Hoffman', '338817566202', '1941-3-12', 'f', 1, 1, 4);
insert into members (member_ID, email, pw, first_name, last_name, phone_number, birthday, gender, membership_type_id, duration_group_id, role_id) values (184, 'Diane.Lee889@mail.com', 'hZRGVhFy', 'Diane', 'Lee', '988527739093', '1976-12-3', 'f', 1, 3, 4);
insert into members (member_ID, email, pw, first_name, last_name, phone_number, birthday, gender, membership_type_id, duration_group_id, role_id) values (185, 'Margo.Moore453@mail.com', 'OcJAiLVk', 'Margo', 'Moore', '955319594034', '1973-2-8', 'f', 1, 1, 4);
insert into members (member_ID, email, pw, first_name, last_name, phone_number, birthday, gender, membership_type_id, duration_group_id, role_id) values (186, 'Rona.Sandoval709@mail.com', 'uMEcldZZ', 'Rona', 'Sandoval', '382042144965', '1936-8-10', 'f', 1, 2, 4);
insert into members (member_ID, email, pw, first_name, last_name, phone_number, birthday, gender, membership_type_id, duration_group_id, role_id) values (187, 'Nadia.Cabrera548@mail.com', 'QDnBBPeE', 'Nadia', 'Cabrera', '793264568587', '1943-3-17', 'f', 1, 3, 4);
insert into members (member_ID, email, pw, first_name, last_name, phone_number, birthday, gender, membership_type_id, duration_group_id, role_id) values (188, 'Nichola.Whitaker826@mail.com', 'dDmvaQVA', 'Nichola', 'Whitaker', '118646875182', '1998-3-12', 'f', 2, 3, 4);
insert into members (member_ID, email, pw, first_name, last_name, phone_number, birthday, gender, membership_type_id, duration_group_id, role_id) values (189, 'Jeanette.Harrison222@mail.com', 'yWuYkuJL', 'Jeanette', 'Harrison', '603525076606', '1975-1-21', 'f', 1, 3, 4);
insert into members (member_ID, email, pw, first_name, last_name, phone_number, birthday, gender, membership_type_id, duration_group_id, role_id) values (190, 'Nicole.Cabrera532@mail.com', 'opcXRlQD', 'Nicole', 'Cabrera', '866309442056', '1967-6-26', 'f', 1, 4, 4);
insert into members (member_ID, email, pw, first_name, last_name, phone_number, birthday, gender, membership_type_id, duration_group_id, role_id) values (191, 'Allison.Watkins54@mail.com', 'qsuAekrG', 'Allison', 'Watkins', '631326992535', '1952-3-14', 'f', 1, 4, 4);
insert into members (member_ID, email, pw, first_name, last_name, phone_number, birthday, gender, membership_type_id, duration_group_id, role_id) values (192, 'Joy.Coleman682@mail.com', 'hnzpFDIk', 'Joy', 'Coleman', '694989976422', '1958-7-15', 'f', 1, 2, 4);
insert into members (member_ID, email, pw, first_name, last_name, phone_number, birthday, gender, membership_type_id, duration_group_id, role_id) values (193, 'Alexandria.Woods6@mail.com', 'QWNJLqyi', 'Alexandria', 'Woods', '522239719221', '1937-8-25', 'f', 2, 2, 4);
insert into members (member_ID, email, pw, first_name, last_name, phone_number, birthday, gender, membership_type_id, duration_group_id, role_id) values (194, 'Tanya.Barker298@mail.com', 'GJnNyJnJ', 'Tanya', 'Barker', '996719427388', '1962-1-1', 'f', 1, 1, 4);
insert into members (member_ID, email, pw, first_name, last_name, phone_number, birthday, gender, membership_type_id, duration_group_id, role_id) values (195, 'Vivian.Freeman535@mail.com', 'jlTixhXF', 'Vivian', 'Freeman', '979635801754', '1940-1-20', 'f', 2, 3, 4);
insert into members (member_ID, email, pw, first_name, last_name, phone_number, birthday, gender, membership_type_id, duration_group_id, role_id) values (196, 'Ann-Marie.Barnes885@mail.com', 'srdxefgi', 'Ann-Marie', 'Barnes', '985494254664', '2012-10-9', 'f', 1, 1, 4);
insert into members (member_ID, email, pw, first_name, last_name, phone_number, birthday, gender, membership_type_id, duration_group_id, role_id) values (197, 'Keri.Leon204@mail.com', 'PbzFPsxr', 'Keri', 'Leon', '382631271148', '1990-2-4', 'f', 1, 1, 4);
insert into members (member_ID, email, pw, first_name, last_name, phone_number, birthday, gender, membership_type_id, duration_group_id, role_id) values (198, 'Tara.Hampton406@mail.com', 'aonyoJxv', 'Tara', 'Hampton', '545448365093', '1956-11-12', 'f', 1, 3, 4);
insert into members (member_ID, email, pw, first_name, last_name, phone_number, birthday, gender, membership_type_id, duration_group_id, role_id) values (199, 'Arleen.Dawson953@mail.com', 'TsaOKPVV', 'Arleen', 'Dawson', '314577589927', '1955-2-3', 'f', 1, 2, 4);
insert into members (member_ID, email, pw, first_name, last_name, phone_number, birthday, gender, membership_type_id, duration_group_id, role_id) values (200, 'Philippa.Stanley991@mail.com', 'sRSbNtkL', 'Philippa', 'Stanley', '423921690441', '1939-10-27', 'f', 1, 3, 4);