insert into age_groups (age_group_ID, age_group_name, discount) values (1, 'kids', 50);
insert into age_groups (age_group_ID, age_group_name, discount) values (2, 'teenagers', 30);
insert into age_groups (age_group_ID, age_group_name, discount) values (3, 'adults', 0);
insert into age_groups (age_group_ID, age_group_name, discount) values (4, 'seniors', 20);

insert into sports (sport_ID, sport_name, sport_type, professionalism_ID) values (1, 'soccer', 'team', 1);
insert into sports (sport_ID, sport_name, sport_type, professionalism_ID) values (2, 'soccer', 'team', 2);
insert into sports (sport_ID, sport_name, sport_type, professionalism_ID) values (3, 'tennis', 'single', 1);
insert into sports (sport_ID, sport_name, sport_type, professionalism_ID) values (4, 'tennis', 'single', 2);
insert into sports (sport_ID, sport_name, sport_type, professionalism_ID) values (5, 'volleyball', 'team', 1);
insert into sports (sport_ID, sport_name, sport_type, professionalism_ID) values (6, 'volleyball', 'team', 2);
insert into sports (sport_ID, sport_name, sport_type, professionalism_ID) values (7, 'gymnastics', 'single', 1);
insert into sports (sport_ID, sport_name, sport_type, professionalism_ID) values (8, 'gymnastics', 'single', 2);
insert into sports (sport_ID, sport_name, sport_type, professionalism_ID) values (9, 'handball', 'team', 1);
insert into sports (sport_ID, sport_name, sport_type, professionalism_ID) values (10, 'handball', 'team', 2);
insert into sports (sport_ID, sport_name, sport_type, professionalism_ID) values (11, 'swimming', 'single', 1);
insert into sports (sport_ID, sport_name, sport_type, professionalism_ID) values (12, 'swimming', 'single', 2);

insert into professionalisms (professionalism_ID, prof_name, discount) values (1, 'professional', 50);
insert into professionalisms (professionalism_ID, prof_name, discount) values (2, 'hobby', 0);

insert into roles (role_ID, role_name, all_rights, most_rights, some_rights) values (1, 'admin', TRUE, FALSE, FALSE);
insert into roles (role_ID, role_name, all_rights, most_rights, some_rights) values (2, 'president', FALSE, TRUE, FALSE);
insert into roles (role_ID, role_name, all_rights, most_rights, some_rights) values (3, 'chairman', FALSE, FALSE, TRUE);
insert into roles (role_ID, role_name, all_rights, most_rights, some_rights) values (4, 'regular', FALSE, FALSE, FALSE);


insert into duration_groups (duration_group_ID, duration_group_name, discount) values (1, 'newbies', 0);
insert into duration_groups (duration_group_ID, duration_group_name, discount) values (2, 'regulars', 10);
insert into duration_groups (duration_group_ID, duration_group_name, discount) values (3, 'longtimers', 20);
insert into duration_groups (duration_group_ID, duration_group_name, discount) values (4, 'legends', 30);

insert into memberships (membership_type_ID, membership_name, price) values (1, 'active', 120);
insert into memberships (membership_type_ID, membership_name, price) values (2, 'passive', 50);

insert into members_sports (member_ID, sport_ID) values (1, 1);
insert into members_sports (member_ID, sport_ID) values (2, 4);
insert into members_sports (member_ID, sport_ID) values (3, 4);
insert into members_sports (member_ID, sport_ID) values (4, 8);
insert into members_sports (member_ID, sport_ID) values (5, 9);
insert into members_sports (member_ID, sport_ID) values (6, 10);
insert into members_sports (member_ID, sport_ID) values (7, 6);
insert into members_sports (member_ID, sport_ID) values (8, 3);
insert into members_sports (member_ID, sport_ID) values (9, 8);
insert into members_sports (member_ID, sport_ID) values (10, 5);
insert into members_sports (member_ID, sport_ID) values (11, 8);
insert into members_sports (member_ID, sport_ID) values (12, 12);
insert into members_sports (member_ID, sport_ID) values (13, 4);
insert into members_sports (member_ID, sport_ID) values (14, 7);
insert into members_sports (member_ID, sport_ID) values (15, 6);
insert into members_sports (member_ID, sport_ID) values (16, 2);
insert into members_sports (member_ID, sport_ID) values (17, 11);
insert into members_sports (member_ID, sport_ID) values (18, 5);
insert into members_sports (member_ID, sport_ID) values (19, 1);
insert into members_sports (member_ID, sport_ID) values (20, 11);
insert into members_sports (member_ID, sport_ID) values (21, 5);
insert into members_sports (member_ID, sport_ID) values (22, 3);
insert into members_sports (member_ID, sport_ID) values (23, 6);
insert into members_sports (member_ID, sport_ID) values (24, 6);
insert into members_sports (member_ID, sport_ID) values (25, 3);
insert into members_sports (member_ID, sport_ID) values (26, 1);
insert into members_sports (member_ID, sport_ID) values (27, 7);
insert into members_sports (member_ID, sport_ID) values (28, 4);
insert into members_sports (member_ID, sport_ID) values (29, 10);
insert into members_sports (member_ID, sport_ID) values (30, 8);
insert into members_sports (member_ID, sport_ID) values (31, 1);
insert into members_sports (member_ID, sport_ID) values (32, 1);
insert into members_sports (member_ID, sport_ID) values (33, 5);
insert into members_sports (member_ID, sport_ID) values (34, 6);
insert into members_sports (member_ID, sport_ID) values (35, 1);
insert into members_sports (member_ID, sport_ID) values (36, 9);
insert into members_sports (member_ID, sport_ID) values (37, 7);
insert into members_sports (member_ID, sport_ID) values (38, 12);
insert into members_sports (member_ID, sport_ID) values (39, 6);
insert into members_sports (member_ID, sport_ID) values (40, 2);
insert into members_sports (member_ID, sport_ID) values (41, 1);
insert into members_sports (member_ID, sport_ID) values (42, 3);
insert into members_sports (member_ID, sport_ID) values (43, 11);
insert into members_sports (member_ID, sport_ID) values (44, 10);
insert into members_sports (member_ID, sport_ID) values (45, 10);
insert into members_sports (member_ID, sport_ID) values (46, 7);
insert into members_sports (member_ID, sport_ID) values (47, 11);
insert into members_sports (member_ID, sport_ID) values (48, 7);
insert into members_sports (member_ID, sport_ID) values (49, 4);
insert into members_sports (member_ID, sport_ID) values (50, 12);
insert into members_sports (member_ID, sport_ID) values (51, 11);
insert into members_sports (member_ID, sport_ID) values (52, 12);
insert into members_sports (member_ID, sport_ID) values (53, 8);
insert into members_sports (member_ID, sport_ID) values (54, 6);
insert into members_sports (member_ID, sport_ID) values (55, 12);
insert into members_sports (member_ID, sport_ID) values (56, 11);
insert into members_sports (member_ID, sport_ID) values (57, 10);
insert into members_sports (member_ID, sport_ID) values (58, 6);
insert into members_sports (member_ID, sport_ID) values (59, 9);
insert into members_sports (member_ID, sport_ID) values (60, 12);
insert into members_sports (member_ID, sport_ID) values (61, 8);
insert into members_sports (member_ID, sport_ID) values (62, 2);
insert into members_sports (member_ID, sport_ID) values (63, 8);
insert into members_sports (member_ID, sport_ID) values (64, 9);
insert into members_sports (member_ID, sport_ID) values (65, 8);
insert into members_sports (member_ID, sport_ID) values (66, 10);
insert into members_sports (member_ID, sport_ID) values (67, 3);
insert into members_sports (member_ID, sport_ID) values (68, 1);
insert into members_sports (member_ID, sport_ID) values (69, 2);
insert into members_sports (member_ID, sport_ID) values (70, 9);
insert into members_sports (member_ID, sport_ID) values (71, 5);
insert into members_sports (member_ID, sport_ID) values (72, 4);
insert into members_sports (member_ID, sport_ID) values (73, 7);
insert into members_sports (member_ID, sport_ID) values (74, 8);
insert into members_sports (member_ID, sport_ID) values (75, 10);
insert into members_sports (member_ID, sport_ID) values (76, 10);
insert into members_sports (member_ID, sport_ID) values (77, 4);
insert into members_sports (member_ID, sport_ID) values (78, 8);
insert into members_sports (member_ID, sport_ID) values (79, 12);
insert into members_sports (member_ID, sport_ID) values (80, 9);
insert into members_sports (member_ID, sport_ID) values (81, 4);
insert into members_sports (member_ID, sport_ID) values (82, 11);
insert into members_sports (member_ID, sport_ID) values (83, 10);
insert into members_sports (member_ID, sport_ID) values (84, 11);
insert into members_sports (member_ID, sport_ID) values (85, 2);
insert into members_sports (member_ID, sport_ID) values (86, 8);
insert into members_sports (member_ID, sport_ID) values (87, 3);
insert into members_sports (member_ID, sport_ID) values (88, 4);
insert into members_sports (member_ID, sport_ID) values (89, 3);
insert into members_sports (member_ID, sport_ID) values (90, 1);
insert into members_sports (member_ID, sport_ID) values (91, 4);
insert into members_sports (member_ID, sport_ID) values (92, 11);
insert into members_sports (member_ID, sport_ID) values (93, 6);
insert into members_sports (member_ID, sport_ID) values (94, 3);
insert into members_sports (member_ID, sport_ID) values (95, 11);
insert into members_sports (member_ID, sport_ID) values (96, 8);
insert into members_sports (member_ID, sport_ID) values (97, 9);
insert into members_sports (member_ID, sport_ID) values (98, 9);
insert into members_sports (member_ID, sport_ID) values (99, 5);
insert into members_sports (member_ID, sport_ID) values (100, 7);
insert into members_sports (member_ID, sport_ID) values (101, 11);
insert into members_sports (member_ID, sport_ID) values (102, 12);
insert into members_sports (member_ID, sport_ID) values (103, 8);
insert into members_sports (member_ID, sport_ID) values (104, 7);
insert into members_sports (member_ID, sport_ID) values (105, 9);
insert into members_sports (member_ID, sport_ID) values (106, 3);
insert into members_sports (member_ID, sport_ID) values (107, 2);
insert into members_sports (member_ID, sport_ID) values (108, 8);
insert into members_sports (member_ID, sport_ID) values (109, 12);
insert into members_sports (member_ID, sport_ID) values (110, 8);
insert into members_sports (member_ID, sport_ID) values (111, 12);
insert into members_sports (member_ID, sport_ID) values (112, 6);
insert into members_sports (member_ID, sport_ID) values (113, 10);
insert into members_sports (member_ID, sport_ID) values (114, 3);
insert into members_sports (member_ID, sport_ID) values (115, 1);
insert into members_sports (member_ID, sport_ID) values (116, 4);
insert into members_sports (member_ID, sport_ID) values (117, 10);
insert into members_sports (member_ID, sport_ID) values (118, 12);
insert into members_sports (member_ID, sport_ID) values (119, 6);
insert into members_sports (member_ID, sport_ID) values (120, 6);
insert into members_sports (member_ID, sport_ID) values (121, 10);
insert into members_sports (member_ID, sport_ID) values (122, 10);
insert into members_sports (member_ID, sport_ID) values (123, 2);
insert into members_sports (member_ID, sport_ID) values (124, 4);
insert into members_sports (member_ID, sport_ID) values (125, 8);
insert into members_sports (member_ID, sport_ID) values (126, 7);
insert into members_sports (member_ID, sport_ID) values (127, 3);
insert into members_sports (member_ID, sport_ID) values (128, 4);
insert into members_sports (member_ID, sport_ID) values (129, 4);
insert into members_sports (member_ID, sport_ID) values (130, 12);
insert into members_sports (member_ID, sport_ID) values (131, 2);
insert into members_sports (member_ID, sport_ID) values (132, 10);
insert into members_sports (member_ID, sport_ID) values (133, 10);
insert into members_sports (member_ID, sport_ID) values (134, 1);
insert into members_sports (member_ID, sport_ID) values (135, 10);
insert into members_sports (member_ID, sport_ID) values (136, 3);
insert into members_sports (member_ID, sport_ID) values (137, 6);
insert into members_sports (member_ID, sport_ID) values (138, 9);
insert into members_sports (member_ID, sport_ID) values (139, 3);
insert into members_sports (member_ID, sport_ID) values (140, 12);
insert into members_sports (member_ID, sport_ID) values (141, 2);
insert into members_sports (member_ID, sport_ID) values (142, 3);
insert into members_sports (member_ID, sport_ID) values (143, 3);
insert into members_sports (member_ID, sport_ID) values (144, 6);
insert into members_sports (member_ID, sport_ID) values (145, 2);
insert into members_sports (member_ID, sport_ID) values (146, 9);
insert into members_sports (member_ID, sport_ID) values (147, 5);
insert into members_sports (member_ID, sport_ID) values (148, 5);
insert into members_sports (member_ID, sport_ID) values (149, 9);
insert into members_sports (member_ID, sport_ID) values (150, 6);
insert into members_sports (member_ID, sport_ID) values (151, 7);
insert into members_sports (member_ID, sport_ID) values (152, 10);
insert into members_sports (member_ID, sport_ID) values (153, 10);
insert into members_sports (member_ID, sport_ID) values (154, 5);
insert into members_sports (member_ID, sport_ID) values (155, 6);
insert into members_sports (member_ID, sport_ID) values (156, 5);
insert into members_sports (member_ID, sport_ID) values (157, 3);
insert into members_sports (member_ID, sport_ID) values (158, 5);
insert into members_sports (member_ID, sport_ID) values (159, 7);
insert into members_sports (member_ID, sport_ID) values (160, 12);
insert into members_sports (member_ID, sport_ID) values (161, 6);
insert into members_sports (member_ID, sport_ID) values (162, 1);
insert into members_sports (member_ID, sport_ID) values (163, 4);
insert into members_sports (member_ID, sport_ID) values (164, 10);
insert into members_sports (member_ID, sport_ID) values (165, 8);
insert into members_sports (member_ID, sport_ID) values (166, 1);
insert into members_sports (member_ID, sport_ID) values (167, 7);
insert into members_sports (member_ID, sport_ID) values (168, 3);
insert into members_sports (member_ID, sport_ID) values (169, 2);
insert into members_sports (member_ID, sport_ID) values (170, 10);
insert into members_sports (member_ID, sport_ID) values (171, 10);
insert into members_sports (member_ID, sport_ID) values (172, 7);
insert into members_sports (member_ID, sport_ID) values (173, 6);
insert into members_sports (member_ID, sport_ID) values (174, 8);
insert into members_sports (member_ID, sport_ID) values (175, 8);
insert into members_sports (member_ID, sport_ID) values (176, 7);
insert into members_sports (member_ID, sport_ID) values (177, 3);
insert into members_sports (member_ID, sport_ID) values (178, 9);
insert into members_sports (member_ID, sport_ID) values (179, 4);
insert into members_sports (member_ID, sport_ID) values (180, 4);
insert into members_sports (member_ID, sport_ID) values (181, 11);
insert into members_sports (member_ID, sport_ID) values (182, 9);
insert into members_sports (member_ID, sport_ID) values (183, 1);
insert into members_sports (member_ID, sport_ID) values (184, 7);
insert into members_sports (member_ID, sport_ID) values (185, 9);
insert into members_sports (member_ID, sport_ID) values (186, 1);
insert into members_sports (member_ID, sport_ID) values (187, 2);
insert into members_sports (member_ID, sport_ID) values (188, 9);
insert into members_sports (member_ID, sport_ID) values (189, 5);
insert into members_sports (member_ID, sport_ID) values (190, 11);
insert into members_sports (member_ID, sport_ID) values (191, 3);
insert into members_sports (member_ID, sport_ID) values (192, 2);
insert into members_sports (member_ID, sport_ID) values (193, 11);
insert into members_sports (member_ID, sport_ID) values (194, 1);
insert into members_sports (member_ID, sport_ID) values (195, 4);
insert into members_sports (member_ID, sport_ID) values (196, 4);
insert into members_sports (member_ID, sport_ID) values (197, 10);
insert into members_sports (member_ID, sport_ID) values (198, 5);
insert into members_sports (member_ID, sport_ID) values (199, 7);
insert into members_sports (member_ID, sport_ID) values (200, 3);
insert into members_sports (member_ID, sport_ID) values (168, 4);
insert into members_sports (member_ID, sport_ID) values (200, 7);
insert into members_sports (member_ID, sport_ID) values (47, 4);
insert into members_sports (member_ID, sport_ID) values (141, 8);
insert into members_sports (member_ID, sport_ID) values (79, 10);
insert into members_sports (member_ID, sport_ID) values (65, 9);
insert into members_sports (member_ID, sport_ID) values (46, 3);
insert into members_sports (member_ID, sport_ID) values (125, 1);
insert into members_sports (member_ID, sport_ID) values (60, 4);
insert into members_sports (member_ID, sport_ID) values (174, 9);
insert into members_sports (member_ID, sport_ID) values (69, 12);
insert into members_sports (member_ID, sport_ID) values (17, 3);
insert into members_sports (member_ID, sport_ID) values (118, 9);
insert into members_sports (member_ID, sport_ID) values (102, 4);
insert into members_sports (member_ID, sport_ID) values (128, 2);
insert into members_sports (member_ID, sport_ID) values (62, 5);
insert into members_sports (member_ID, sport_ID) values (164, 6);
insert into members_sports (member_ID, sport_ID) values (94, 5);
insert into members_sports (member_ID, sport_ID) values (101, 1);
insert into members_sports (member_ID, sport_ID) values (142, 12);
insert into members_sports (member_ID, sport_ID) values (171, 2);
insert into members_sports (member_ID, sport_ID) values (105, 5);
insert into members_sports (member_ID, sport_ID) values (178, 12);
insert into members_sports (member_ID, sport_ID) values (57, 6);
insert into members_sports (member_ID, sport_ID) values (71, 7);
insert into members_sports (member_ID, sport_ID) values (47, 10);
insert into members_sports (member_ID, sport_ID) values (101, 4);
insert into members_sports (member_ID, sport_ID) values (183, 2);
insert into members_sports (member_ID, sport_ID) values (2, 6);
insert into members_sports (member_ID, sport_ID) values (67, 6);
insert into members_sports (member_ID, sport_ID) values (124, 9);
insert into members_sports (member_ID, sport_ID) values (1, 6);
insert into members_sports (member_ID, sport_ID) values (26, 9);
insert into members_sports (member_ID, sport_ID) values (190, 10);
insert into members_sports (member_ID, sport_ID) values (63, 11);
insert into members_sports (member_ID, sport_ID) values (122, 7);
insert into members_sports (member_ID, sport_ID) values (105, 7);
insert into members_sports (member_ID, sport_ID) values (54, 3);
insert into members_sports (member_ID, sport_ID) values (173, 10);
insert into members_sports (member_ID, sport_ID) values (22, 8);
insert into members_sports (member_ID, sport_ID) values (190, 5);
insert into members_sports (member_ID, sport_ID) values (73, 12);
insert into members_sports (member_ID, sport_ID) values (188, 6);
insert into members_sports (member_ID, sport_ID) values (46, 1);
insert into members_sports (member_ID, sport_ID) values (143, 1);
insert into members_sports (member_ID, sport_ID) values (129, 1);
insert into members_sports (member_ID, sport_ID) values (169, 8);
insert into members_sports (member_ID, sport_ID) values (112, 9);
insert into members_sports (member_ID, sport_ID) values (35, 4);
insert into members_sports (member_ID, sport_ID) values (168, 2);
insert into members_sports (member_ID, sport_ID) values (72, 7);
insert into members_sports (member_ID, sport_ID) values (153, 6);
insert into members_sports (member_ID, sport_ID) values (11, 11);
insert into members_sports (member_ID, sport_ID) values (75, 8);
insert into members_sports (member_ID, sport_ID) values (49, 10);
insert into members_sports (member_ID, sport_ID) values (113, 5);
insert into members_sports (member_ID, sport_ID) values (71, 8);
insert into members_sports (member_ID, sport_ID) values (170, 8);
insert into members_sports (member_ID, sport_ID) values (91, 6);
insert into members_sports (member_ID, sport_ID) values (66, 2);
insert into members_sports (member_ID, sport_ID) values (137, 8);
insert into members_sports (member_ID, sport_ID) values (184, 9);
insert into members_sports (member_ID, sport_ID) values (38, 1);
insert into members_sports (member_ID, sport_ID) values (110, 11);
insert into members_sports (member_ID, sport_ID) values (197, 8);
insert into members_sports (member_ID, sport_ID) values (135, 8);
insert into members_sports (member_ID, sport_ID) values (60, 3);
insert into members_sports (member_ID, sport_ID) values (58, 11);
insert into members_sports (member_ID, sport_ID) values (128, 11);
insert into members_sports (member_ID, sport_ID) values (46, 4);
insert into members_sports (member_ID, sport_ID) values (83, 7);
insert into members_sports (member_ID, sport_ID) values (43, 8);
insert into members_sports (member_ID, sport_ID) values (144, 2);
insert into members_sports (member_ID, sport_ID) values (168, 11);
insert into members_sports (member_ID, sport_ID) values (192, 8);
insert into members_sports (member_ID, sport_ID) values (58, 8);
insert into members_sports (member_ID, sport_ID) values (85, 1);
insert into members_sports (member_ID, sport_ID) values (70, 7);
insert into members_sports (member_ID, sport_ID) values (34, 5);
insert into members_sports (member_ID, sport_ID) values (26, 12);
insert into members_sports (member_ID, sport_ID) values (13, 7);
insert into members_sports (member_ID, sport_ID) values (193, 9);
insert into members_sports (member_ID, sport_ID) values (45, 9);
insert into members_sports (member_ID, sport_ID) values (154, 4);
insert into members_sports (member_ID, sport_ID) values (43, 12);
insert into members_sports (member_ID, sport_ID) values (58, 5);
insert into members_sports (member_ID, sport_ID) values (60, 2);
insert into members_sports (member_ID, sport_ID) values (79, 4);
insert into members_sports (member_ID, sport_ID) values (95, 10);
insert into members_sports (member_ID, sport_ID) values (92, 7);
insert into members_sports (member_ID, sport_ID) values (166, 12);
insert into members_sports (member_ID, sport_ID) values (31, 3);
insert into members_sports (member_ID, sport_ID) values (89, 4);
insert into members_sports (member_ID, sport_ID) values (9, 11);
insert into members_sports (member_ID, sport_ID) values (62, 7);
insert into members_sports (member_ID, sport_ID) values (198, 11);
insert into members_sports (member_ID, sport_ID) values (139, 7);
insert into members_sports (member_ID, sport_ID) values (26, 5);
insert into members_sports (member_ID, sport_ID) values (91, 11);
insert into members_sports (member_ID, sport_ID) values (11, 4);

insert into members (email, pw) values ('david.mack295@mail.com', 'MhOUjZGd');
insert into members (email, pw) values ('hans.vega849@mail.com', 'BfLmWAHo');
insert into members (email, pw) values ('jody.riley138@mail.com', 'HepWtXcq');
insert into members (email, pw) values ('clarke.ortega221@mail.com', 'cesdqPwl');
insert into members (email, pw) values ('archibald.george591@mail.com', 'iPddqfPA');
insert into members (email, pw) values ('alistair.chen165@mail.com', 'glmdrksq');
insert into members (email, pw) values ('hamilton.lang278@mail.com', 'yRpolJeq');
insert into members (email, pw) values ('max.underwood750@mail.com', 'ZLYWlMgA');
insert into members (email, pw) values ('hamish.hale680@mail.com', 'potjwBsu');
insert into members (email, pw) values ('iain.shelton277@mail.com', 'dTLvdocr');
insert into members (email, pw) values ('francis.stewart490@mail.com', 'kdlBmLBe');
insert into members (email, pw) values ('kelvin.banks997@mail.com', 'bevYraZy');
insert into members (email, pw) values ('dean.robbins552@mail.com', 'sDQnIMPH');
insert into members (email, pw) values ('marc.le513@mail.com', 'bVeuYxDg');
insert into members (email, pw) values ('elliot.griffith643@mail.com', 'doLGbXQY');
insert into members (email, pw) values ('ewan.mora46@mail.com', 'CbsECVvB');
insert into members (email, pw) values ('graeme.davidson145@mail.com', 'JfatLoeL');
insert into members (email, pw) values ('imran.richards964@mail.com', 'pJCcXdAQ');
insert into members (email, pw) values ('dennis.pacheco817@mail.com', 'oXfCdXzQ');
insert into members (email, pw) values ('dirk.alvarado981@mail.com', 'TZLdmloF');
insert into members (email, pw) values ('emlyn.thompson254@mail.com', 'jsGeydzm');
insert into members (email, pw) values ('quentin.barber904@mail.com', 'rxDswSEo');
insert into members (email, pw) values ('kristian.garza171@mail.com', 'aRSSzTOK');
insert into members (email, pw) values ('conrad.wolf218@mail.com', 'CrHXgLYv');
insert into members (email, pw) values ('christopher.riley547@mail.com', 'GhHZgYNV');
insert into members (email, pw) values ('dirk.trevino24@mail.com', 'GltVCOyE');
insert into members (email, pw) values ('gary.norton270@mail.com', 'quKKcDss');
insert into members (email, pw) values ('neal.houston178@mail.com', 'gJWczFVN');
insert into members (email, pw) values ('leighton.anderson877@mail.com', 'wnYHCVDe');
insert into members (email, pw) values ('darryl.caldwell165@mail.com', 'qrfHvlFY');
insert into members (email, pw) values ('mark.medina278@mail.com', 'Zzmogxhl');
insert into members (email, pw) values ('david.parker495@mail.com', 'cYmmKqmt');
insert into members (email, pw) values ('lachlan.flynn439@mail.com', 'ChrnhhTE');
insert into members (email, pw) values ('desmond.burton162@mail.com', 'LihlJnkr');
insert into members (email, pw) values ('jack.ali108@mail.com', 'pQhiFrCc');
insert into members (email, pw) values ('claudio.burnett823@mail.com', 'DsWfsKZm');
insert into members (email, pw) values ('forbes.payne568@mail.com', 'bNPjJEQD');
insert into members (email, pw) values ('imran.lyons732@mail.com', 'jbZueLkT');
insert into members (email, pw) values ('gary.patterson283@mail.com', 'cmrIrPEb');
insert into members (email, pw) values ('grahame.wright173@mail.com', 'FimDmpHs');
insert into members (email, pw) values ('ashley.serrano456@mail.com', 'NwFjuJDA');
insert into members (email, pw) values ('russell.graham162@mail.com', 'BFxAFfJU');
insert into members (email, pw) values ('ralph.goodman268@mail.com', 'ngeDNKlb');
insert into members (email, pw) values ('nicolas.frank113@mail.com', 'wvBVLCoW');
insert into members (email, pw) values ('jason.love730@mail.com', 'JeYsOKBn');
insert into members (email, pw) values ('archibald.tyler556@mail.com', 'uXiXmIkH');
insert into members (email, pw) values ('ronnie.roth398@mail.com', 'ysyTfccw');
insert into members (email, pw) values ('rory.mcguire330@mail.com', 'vbyRFWFv');
insert into members (email, pw) values ('struan.houston60@mail.com', 'kCCgeGdu');
insert into members (email, pw) values ('alessandro.reynolds860@mail.com', 'mucGhCIa');
insert into members (email, pw) values ('daniel.goodwin982@mail.com', 'vDRsXgdi');
insert into members (email, pw) values ('evan.floyd764@mail.com', 'VcFLGVFG');
insert into members (email, pw) values ('stefan.chambers410@mail.com', 'BECHzPAL');
insert into members (email, pw) values ('dustin.waters547@mail.com', 'zeaQvoXS');
insert into members (email, pw) values ('mathew.serrano139@mail.com', 'IzPPrIJR');
insert into members (email, pw) values ('ewan.nicholson85@mail.com', 'eUxTDJzI');
insert into members (email, pw) values ('derrick.armstrong853@mail.com', 'yDtzXBiZ');
insert into members (email, pw) values ('johnston.roth486@mail.com', 'XkZwJqyO');
insert into members (email, pw) values ('gary.houston275@mail.com', 'xlmPTqnc');
insert into members (email, pw) values ('oliver.mendez723@mail.com', 'kjrhocra');
insert into members (email, pw) values ('dustin.henderson664@mail.com', 'ooYzNtoJ');
insert into members (email, pw) values ('alec.bennett265@mail.com', 'AZfGYIri');
insert into members (email, pw) values ('anthony.moreno925@mail.com', 'wAeHBWUZ');
insert into members (email, pw) values ('rennie.mack144@mail.com', 'UYAmIdBc');
insert into members (email, pw) values ('jacob.russell686@mail.com', 'KOhXfBMh');
insert into members (email, pw) values ('william.evans403@mail.com', 'KecIcyAi');
insert into members (email, pw) values ('jody.cochran761@mail.com', 'vrTACWmm');
insert into members (email, pw) values ('quentin.hughes710@mail.com', 'pAlZflCk');
insert into members (email, pw) values ('torquil.rodgers594@mail.com', 'OCvaePPu');
insert into members (email, pw) values ('ceri.khan837@mail.com', 'aAbvZeUl');
insert into members (email, pw) values ('mark.porter43@mail.com', 'LAIKEjSb');
insert into members (email, pw) values ('desmond.yang927@mail.com', 'OsJTLuvr');
insert into members (email, pw) values ('denis.anderson958@mail.com', 'DYyFicNN');
insert into members (email, pw) values ('giles.ochoa261@mail.com', 'cCgkVAZl');
insert into members (email, pw) values ('bernard.quinn119@mail.com', 'eebNJdbp');
insert into members (email, pw) values ('graham.benson626@mail.com', 'wbwkgtAO');
insert into members (email, pw) values ('hamilton.scott729@mail.com', 'whliPNQv');
insert into members (email, pw) values ('richard.cannon885@mail.com', 'JIlBbJBh');
insert into members (email, pw) values ('martyn.webb59@mail.com', 'QwLkHYbW');
insert into members (email, pw) values ('roddy.duncan425@mail.com', 'degpcjGF');
insert into members (email, pw) values ('douglas.mcguire48@mail.com', 'uwrGCZUY');
insert into members (email, pw) values ('myles.wade701@mail.com', 'hnYXfbOr');
insert into members (email, pw) values ('murdo.trevino702@mail.com', 'VzcgFior');
insert into members (email, pw) values ('carl.lamb202@mail.com', 'VTKEspRG');
insert into members (email, pw) values ('lee.vasquez763@mail.com', 'xiVspSil');
insert into members (email, pw) values ('hamish.rodgers818@mail.com', 'VchcZQVx');
insert into members (email, pw) values ('graeme.black606@mail.com', 'DlENceOh');
insert into members (email, pw) values ('seumas.clarke485@mail.com', 'HZGwHjiV');
insert into members (email, pw) values ('liam.montoya785@mail.com', 'ffTihSAW');
insert into members (email, pw) values ('mohammed.schneider829@mail.com', 'uCEfklbG');
insert into members (email, pw) values ('edmund.stevens591@mail.com', 'NDFzVgcW');
insert into members (email, pw) values ('bernard.tate107@mail.com', 'cbSLFDeP');
insert into members (email, pw) values ('atholl.frank659@mail.com', 'EXTQTzSV');
insert into members (email, pw) values ('patrick.payne640@mail.com', 'sBAHVEZz');
insert into members (email, pw) values ('alessandro.mckinney899@mail.com', 'NBVfpsIZ');
insert into members (email, pw) values ('justin.burgess486@mail.com', 'WasPnNZm');
insert into members (email, pw) values ('george.carrillo277@mail.com', 'CFnUuCgu');
insert into members (email, pw) values ('gideon.wise880@mail.com', 'qHJoUFot');
insert into members (email, pw) values ('darin.montoya625@mail.com', 'FcwlOMDV');
insert into members (email, pw) values ('philip.frank446@mail.com', 'iaeWxxUr');
insert into members (email, pw) values ('constance.parker368@mail.com', 'AozjAFNS');
insert into members (email, pw) values ('dorothy.castro330@mail.com', 'ynoFofkt');
insert into members (email, pw) values ('annemarie.shepherd748@mail.com', 'NxeqFEYn');
insert into members (email, pw) values ('kaye.sullivan878@mail.com', 'jwkyyNAI');
insert into members (email, pw) values ('jane.sparks658@mail.com', 'ZAVceJCW');
insert into members (email, pw) values ('justine.frank711@mail.com', 'mIISXeNf');
insert into members (email, pw) values ('ellen.sanchez952@mail.com', 'ADbufnAN');
insert into members (email, pw) values ('tessa.roth69@mail.com', 'lXWHrxvG');
insert into members (email, pw) values ('diana.mckinney902@mail.com', 'oudxRJCT');
insert into members (email, pw) values ('kirstin.greene758@mail.com', 'UsouEAGJ');
insert into members (email, pw) values ('angeline.armstrong36@mail.com', 'jRZkdbad');
insert into members (email, pw) values ('alyson.wade364@mail.com', 'CzamOayQ');
insert into members (email, pw) values ('joy.silva228@mail.com', 'FvJISKcu');
insert into members (email, pw) values ('jessie.carter305@mail.com', 'SMiafQKr');
insert into members (email, pw) values ('lee.rodriguez891@mail.com', 'vJQFwzGZ');
insert into members (email, pw) values ('carolann.marshall583@mail.com', 'vacnRaUL');
insert into members (email, pw) values ('sheila.munoz596@mail.com', 'CCrkpruz');
insert into members (email, pw) values ('bernadette.mora77@mail.com', 'XgpjMoiV');
insert into members (email, pw) values ('rona.logan100@mail.com', 'MxhlzYhg');
insert into members (email, pw) values ('jean.gill332@mail.com', 'uwBMQHaA');
insert into members (email, pw) values ('lee-ann.stevens590@mail.com', 'YNzXhUmZ');
insert into members (email, pw) values ('esther.phillips201@mail.com', 'kCbrMGLN');
insert into members (email, pw) values ('sharon.watkins62@mail.com', 'FqrRRqAH');
insert into members (email, pw) values ('vivienne.meyers18@mail.com', 'BIhDXbIQ');
insert into members (email, pw) values ('marilyn.yates813@mail.com', 'JpAFatka');
insert into members (email, pw) values ('sonja.hicks975@mail.com', 'JbGlmYCs');
insert into members (email, pw) values ('sarah.whitaker422@mail.com', 'kSKLQxiz');
insert into members (email, pw) values ('paula.andrade359@mail.com', 'VNPMWrwU');
insert into members (email, pw) values ('miranda.roman675@mail.com', 'OucqEXBu');
insert into members (email, pw) values ('edith.fisher726@mail.com', 'BoPDhHlK');
insert into members (email, pw) values ('kerry.mccormick576@mail.com', 'qOqTJXqF');
insert into members (email, pw) values ('claudia.stevenson79@mail.com', 'ZsLXJvXv');
insert into members (email, pw) values ('vicky.obrien772@mail.com', 'LIOFvCjR');
insert into members (email, pw) values ('mhairi.bass742@mail.com', 'xigiRHbp');
insert into members (email, pw) values ('carolyne.ramos997@mail.com', 'UUwssEnt');
insert into members (email, pw) values ('anne.juarez54@mail.com', 'OWPztvka');
insert into members (email, pw) values ('glenda.barker609@mail.com', 'TLvpavFA');
insert into members (email, pw) values ('teresa.dennis304@mail.com', 'YdMuXBNj');
insert into members (email, pw) values ('tara.pope294@mail.com', 'RppKVDiF');
insert into members (email, pw) values ('debbie.miranda901@mail.com', 'cbzhKGZl');
insert into members (email, pw) values ('may.harper329@mail.com', 'SmTBdYgX');
insert into members (email, pw) values ('faye.morris474@mail.com', 'UPxpMOAb');
insert into members (email, pw) values ('edith.drake494@mail.com', 'PztZdpwv');
insert into members (email, pw) values ('juliet.guerrero926@mail.com', 'sDyyqpos');
insert into members (email, pw) values ('mandy.ortiz501@mail.com', 'gdvXCGCN');
insert into members (email, pw) values ('daniella.hill354@mail.com', 'aXNygvBR');
insert into members (email, pw) values ('marie.wong879@mail.com', 'pTaQcwIm');
insert into members (email, pw) values ('kirsten.coleman41@mail.com', 'TEcmyOnZ');
insert into members (email, pw) values ('lee.rice567@mail.com', 'GKbTJvFD');
insert into members (email, pw) values ('jessica.burton288@mail.com', 'NVCRaTuq');
insert into members (email, pw) values ('agnes.waters354@mail.com', 'lUYGYngD');
insert into members (email, pw) values ('lucy.simmons506@mail.com', 'IXJrcowe');
insert into members (email, pw) values ('hayley.sanchez352@mail.com', 'JfoPWwZi');
insert into members (email, pw) values ('sarah-jane.hughes499@mail.com', 'vHQSxEfa');
insert into members (email, pw) values ('lorna.fuller874@mail.com', 'asTLxNIX');
insert into members (email, pw) values ('ruth.castaneda662@mail.com', 'VwkJCVDx');
insert into members (email, pw) values ('trudy.ball225@mail.com', 'poSqpvUP');
insert into members (email, pw) values ('roberta.lin837@mail.com', 'dHvySyUn');
insert into members (email, pw) values ('annie.mitchell784@mail.com', 'qqGRrcAz');
insert into members (email, pw) values ('melissa.mccarthy376@mail.com', 'RcRzAhwR');
insert into members (email, pw) values ('gail.mullins946@mail.com', 'CCWDExxn');
insert into members (email, pw) values ('margaret.gibson342@mail.com', 'kRySeLpU');
insert into members (email, pw) values ('alexis.holloway906@mail.com', 'zRMXkFiT');
insert into members (email, pw) values ('keli.dean587@mail.com', 'ZMXpGCXf');
insert into members (email, pw) values ('trudy.payne558@mail.com', 'ylUpEzjB');
insert into members (email, pw) values ('beth.duncan513@mail.com', 'FJBzGalR');
insert into members (email, pw) values ('stacey.berry366@mail.com', 'xAMtvprp');
insert into members (email, pw) values ('claudine.zamora735@mail.com', 'hjmNVKuK');
insert into members (email, pw) values ('janice.fisher24@mail.com', 'LnfabAfH');
insert into members (email, pw) values ('lynsey.quinn545@mail.com', 'UFypyRst');
insert into members (email, pw) values ('jan.welch43@mail.com', 'qhsgNnXS');
insert into members (email, pw) values ('gina.guzman642@mail.com', 'ckqVhQdT');
insert into members (email, pw) values ('linzi.salazar276@mail.com', 'rPdXrOyV');
insert into members (email, pw) values ('marlyn.watson280@mail.com', 'EoVENqcC');
insert into members (email, pw) values ('sharlene.carr888@mail.com', 'TXVjptDW');
insert into members (email, pw) values ('joyce.smith844@mail.com', 'sNqDvsAx');
insert into members (email, pw) values ('sheena.ali513@mail.com', 'qIzsaCVI');
insert into members (email, pw) values ('andrea.evans362@mail.com', 'ifsPAPtL');
insert into members (email, pw) values ('simone.kramer561@mail.com', 'xhvQDHJr');
insert into members (email, pw) values ('allison.matthews643@mail.com', 'PEZjWzfp');
insert into members (email, pw) values ('joy.yang754@mail.com', 'BVbZnjVy');
insert into members (email, pw) values ('aileen.mcguire910@mail.com', 'kKLavUug');
insert into members (email, pw) values ('amber.goodwin679@mail.com', 'doVvwUnH');
insert into members (email, pw) values ('kate.solis134@mail.com', 'kCIfGrQL');
insert into members (email, pw) values ('nadine.owens780@mail.com', 'NwwSFjhh');
insert into members (email, pw) values ('shelley.fischer82@mail.com', 'zASbLIsk');
insert into members (email, pw) values ('mandy.olsen425@mail.com', 'pkjWXjCw');
insert into members (email, pw) values ('senga.logan479@mail.com', 'tkPhkHzu');
insert into members (email, pw) values ('teri.duran951@mail.com', 'XhBUQxWo');
insert into members (email, pw) values ('kate.schneider459@mail.com', 'zwVrClNW');
insert into members (email, pw) values ('carmen.myers333@mail.com', 'SawIikqt');
insert into members (email, pw) values ('ruth.powell912@mail.com', 'zFLgobDp');
insert into members (email, pw) values ('barbara.wagner699@mail.com', 'OzSszXzu');
insert into members (email, pw) values ('sheena.brown686@mail.com', 'HweBGxNu');
insert into members (email, pw) values ('faye.wagner652@mail.com', 'RIjpuirp');
insert into members (email, pw) values ('sophia.lang388@mail.com', 'VDKpgRyl');
insert into members (email, pw) values ('janice.sandoval538@mail.com', 'MuYtcEXK');
insert into members (email, pw) values ('mairi.holmes371@mail.com', 'lqPCVuYM');
insert into members (email, pw) values ('fiona.powell522@mail.com', 'RNuQExic');
insert into members (email, pw) values ('margaret.alexander297@mail.com', 'WfvJCOEa');
insert into members_info (member_ID, email, first_name, last_name, phone_number, birthday, gender, membership_type_ID, duration_group_ID, role_ID) values (1, 'david.mack295@mail.com', 'David', 'Mack', '069107929098', '2006-1-4', 'm', 1, 1, 4);
insert into members_info (member_ID, email, first_name, last_name, phone_number, birthday, gender, membership_type_ID, duration_group_ID, role_ID) values (2, 'hans.vega849@mail.com', 'Hans', 'Vega', '098905974752', '1951-10-23', 'm', 1, 1, 4);
insert into members_info (member_ID, email, first_name, last_name, phone_number, birthday, gender, membership_type_ID, duration_group_ID, role_ID) values (3, 'jody.riley138@mail.com', 'Jody', 'Riley', '091738143349', '1934-10-5', 'm', 1, 3, 4);
insert into members_info (member_ID, email, first_name, last_name, phone_number, birthday, gender, membership_type_ID, duration_group_ID, role_ID) values (4, 'clarke.ortega221@mail.com', 'Clarke', 'Ortega', '004721705416', '2012-11-11', 'm', 1, 2, 4);
insert into members_info (member_ID, email, first_name, last_name, phone_number, birthday, gender, membership_type_ID, duration_group_ID, role_ID) values (5, 'archibald.george591@mail.com', 'Archibald', 'George', '066851854050', '1974-9-21', 'm', 1, 1, 4);
insert into members_info (member_ID, email, first_name, last_name, phone_number, birthday, gender, membership_type_ID, duration_group_ID, role_ID) values (6, 'alistair.chen165@mail.com', 'Alistair', 'Chen', '045559908214', '1946-11-25', 'm', 1, 3, 4);
insert into members_info (member_ID, email, first_name, last_name, phone_number, birthday, gender, membership_type_ID, duration_group_ID, role_ID) values (7, 'hamilton.lang278@mail.com', 'Hamilton', 'Lang', '085378779008', '2020-7-6', 'm', 1, 1, 4);
insert into members_info (member_ID, email, first_name, last_name, phone_number, birthday, gender, membership_type_ID, duration_group_ID, role_ID) values (8, 'max.underwood750@mail.com', 'Max', 'Underwood', '082002557893', '1983-7-27', 'm', 1, 4, 4);
insert into members_info (member_ID, email, first_name, last_name, phone_number, birthday, gender, membership_type_ID, duration_group_ID, role_ID) values (9, 'hamish.hale680@mail.com', 'Hamish', 'Hale', '086495895281', '1930-1-27', 'm', 1, 2, 4);
insert into members_info (member_ID, email, first_name, last_name, phone_number, birthday, gender, membership_type_ID, duration_group_ID, role_ID) values (10, 'iain.shelton277@mail.com', 'Iain', 'Shelton', '079943357046', '1980-3-12', 'm', 2, 2, 4);
insert into members_info (member_ID, email, first_name, last_name, phone_number, birthday, gender, membership_type_ID, duration_group_ID, role_ID) values (11, 'francis.stewart490@mail.com', 'Francis', 'Stewart', '082998153118', '1982-2-13', 'm', 1, 2, 4);
insert into members_info (member_ID, email, first_name, last_name, phone_number, birthday, gender, membership_type_ID, duration_group_ID, role_ID) values (12, 'kelvin.banks997@mail.com', 'Kelvin', 'Banks', '027805399215', '2013-2-6', 'm', 1, 3, 4);
insert into members_info (member_ID, email, first_name, last_name, phone_number, birthday, gender, membership_type_ID, duration_group_ID, role_ID) values (13, 'dean.robbins552@mail.com', 'Dean', 'Robbins', '026395707302', '2019-10-5', 'm', 1, 2, 4);
insert into members_info (member_ID, email, first_name, last_name, phone_number, birthday, gender, membership_type_ID, duration_group_ID, role_ID) values (14, 'marc.le513@mail.com', 'Marc', 'Le', '058010448423', '1997-2-12', 'm', 1, 2, 4);
insert into members_info (member_ID, email, first_name, last_name, phone_number, birthday, gender, membership_type_ID, duration_group_ID, role_ID) values (15, 'elliot.griffith643@mail.com', 'Elliot', 'Griffith', '005127247544', '1941-10-16', 'm', 1, 2, 4);
insert into members_info (member_ID, email, first_name, last_name, phone_number, birthday, gender, membership_type_ID, duration_group_ID, role_ID) values (16, 'ewan.mora46@mail.com', 'Ewan', 'Mora', '021727288336', '2008-5-2', 'm', 1, 3, 4);
insert into members_info (member_ID, email, first_name, last_name, phone_number, birthday, gender, membership_type_ID, duration_group_ID, role_ID) values (17, 'graeme.davidson145@mail.com', 'Graeme', 'Davidson', '042060391782', '2009-10-23', 'm', 1, 3, 4);
insert into members_info (member_ID, email, first_name, last_name, phone_number, birthday, gender, membership_type_ID, duration_group_ID, role_ID) values (18, 'imran.richards964@mail.com', 'Imran', 'Richards', '084299577862', '2019-11-16', 'm', 1, 2, 4);
insert into members_info (member_ID, email, first_name, last_name, phone_number, birthday, gender, membership_type_ID, duration_group_ID, role_ID) values (19, 'dennis.pacheco817@mail.com', 'Dennis', 'Pacheco', '053319115929', '1996-6-17', 'm', 1, 2, 4);
insert into members_info (member_ID, email, first_name, last_name, phone_number, birthday, gender, membership_type_ID, duration_group_ID, role_ID) values (20, 'dirk.alvarado981@mail.com', 'Dirk', 'Alvarado', '081747781391', '2006-10-20', 'm', 1, 1, 4);
insert into members_info (member_ID, email, first_name, last_name, phone_number, birthday, gender, membership_type_ID, duration_group_ID, role_ID) values (21, 'emlyn.thompson254@mail.com', 'Emlyn', 'Thompson', '039730233532', '1974-3-2', 'm', 1, 3, 4);
insert into members_info (member_ID, email, first_name, last_name, phone_number, birthday, gender, membership_type_ID, duration_group_ID, role_ID) values (22, 'quentin.barber904@mail.com', 'Quentin', 'Barber', '036001720723', '1973-5-12', 'm', 1, 3, 4);
insert into members_info (member_ID, email, first_name, last_name, phone_number, birthday, gender, membership_type_ID, duration_group_ID, role_ID) values (23, 'kristian.garza171@mail.com', 'Kristian', 'Garza', '054248090956', '1972-12-5', 'm', 1, 1, 4);
insert into members_info (member_ID, email, first_name, last_name, phone_number, birthday, gender, membership_type_ID, duration_group_ID, role_ID) values (24, 'conrad.wolf218@mail.com', 'Conrad', 'Wolf', '093492183229', '1975-1-22', 'm', 1, 3, 4);
insert into members_info (member_ID, email, first_name, last_name, phone_number, birthday, gender, membership_type_ID, duration_group_ID, role_ID) values (25, 'christopher.riley547@mail.com', 'Christopher', 'Riley', '089489925618', '1978-4-21', 'm', 1, 2, 4);
insert into members_info (member_ID, email, first_name, last_name, phone_number, birthday, gender, membership_type_ID, duration_group_ID, role_ID) values (26, 'dirk.trevino24@mail.com', 'Dirk', 'Trevino', '063526991226', '1964-6-22', 'm', 1, 3, 4);
insert into members_info (member_ID, email, first_name, last_name, phone_number, birthday, gender, membership_type_ID, duration_group_ID, role_ID) values (27, 'gary.norton270@mail.com', 'Gary', 'Norton', '049076582679', '1964-10-2', 'm', 2, 2, 4);
insert into members_info (member_ID, email, first_name, last_name, phone_number, birthday, gender, membership_type_ID, duration_group_ID, role_ID) values (28, 'neal.houston178@mail.com', 'Neal', 'Houston', '078228255654', '2011-9-21', 'm', 1, 3, 4);
insert into members_info (member_ID, email, first_name, last_name, phone_number, birthday, gender, membership_type_ID, duration_group_ID, role_ID) values (29, 'leighton.anderson877@mail.com', 'Leighton', 'Anderson', '045019146423', '1942-6-15', 'm', 2, 3, 4);
insert into members_info (member_ID, email, first_name, last_name, phone_number, birthday, gender, membership_type_ID, duration_group_ID, role_ID) values (30, 'darryl.caldwell165@mail.com', 'Darryl', 'Caldwell', '044206907637', '2012-3-11', 'm', 1, 3, 4);
insert into members_info (member_ID, email, first_name, last_name, phone_number, birthday, gender, membership_type_ID, duration_group_ID, role_ID) values (31, 'mark.medina278@mail.com', 'Mark', 'Medina', '026767743220', '2004-6-9', 'm', 2, 3, 4);
insert into members_info (member_ID, email, first_name, last_name, phone_number, birthday, gender, membership_type_ID, duration_group_ID, role_ID) values (32, 'david.parker495@mail.com', 'David', 'Parker', '049079702499', '1946-4-16', 'm', 1, 2, 4);
insert into members_info (member_ID, email, first_name, last_name, phone_number, birthday, gender, membership_type_ID, duration_group_ID, role_ID) values (33, 'lachlan.flynn439@mail.com', 'Lachlan', 'Flynn', '047285733969', '2000-2-8', 'm', 1, 3, 4);
insert into members_info (member_ID, email, first_name, last_name, phone_number, birthday, gender, membership_type_ID, duration_group_ID, role_ID) values (34, 'desmond.burton162@mail.com', 'Desmond', 'Burton', '047113333740', '1964-11-27', 'm', 1, 1, 4);
insert into members_info (member_ID, email, first_name, last_name, phone_number, birthday, gender, membership_type_ID, duration_group_ID, role_ID) values (35, 'jack.ali108@mail.com', 'Jack', 'Ali', '059307553948', '2012-2-22', 'm', 1, 4, 4);
insert into members_info (member_ID, email, first_name, last_name, phone_number, birthday, gender, membership_type_ID, duration_group_ID, role_ID) values (36, 'claudio.burnett823@mail.com', 'Claudio', 'Burnett', '056729803929', '1961-11-11', 'm', 1, 3, 4);
insert into members_info (member_ID, email, first_name, last_name, phone_number, birthday, gender, membership_type_ID, duration_group_ID, role_ID) values (37, 'forbes.payne568@mail.com', 'Forbes', 'Payne', '041171803007', '1973-10-27', 'm', 1, 3, 4);
insert into members_info (member_ID, email, first_name, last_name, phone_number, birthday, gender, membership_type_ID, duration_group_ID, role_ID) values (38, 'imran.lyons732@mail.com', 'Imran', 'Lyons', '060515654831', '1974-2-13', 'm', 2, 3, 4);
insert into members_info (member_ID, email, first_name, last_name, phone_number, birthday, gender, membership_type_ID, duration_group_ID, role_ID) values (39, 'gary.patterson283@mail.com', 'Gary', 'Patterson', '071946056059', '1932-4-7', 'm', 1, 3, 4);
insert into members_info (member_ID, email, first_name, last_name, phone_number, birthday, gender, membership_type_ID, duration_group_ID, role_ID) values (40, 'grahame.wright173@mail.com', 'Grahame', 'Wright', '041831096589', '1988-6-18', 'm', 1, 3, 4);
insert into members_info (member_ID, email, first_name, last_name, phone_number, birthday, gender, membership_type_ID, duration_group_ID, role_ID) values (41, 'ashley.serrano456@mail.com', 'Ashley', 'Serrano', '004290190036', '2004-10-25', 'm', 1, 2, 4);
insert into members_info (member_ID, email, first_name, last_name, phone_number, birthday, gender, membership_type_ID, duration_group_ID, role_ID) values (42, 'russell.graham162@mail.com', 'Russell', 'Graham', '015934243828', '1955-9-18', 'm', 1, 2, 4);
insert into members_info (member_ID, email, first_name, last_name, phone_number, birthday, gender, membership_type_ID, duration_group_ID, role_ID) values (43, 'ralph.goodman268@mail.com', 'Ralph', 'Goodman', '042153496133', '1933-7-13', 'm', 1, 2, 4);
insert into members_info (member_ID, email, first_name, last_name, phone_number, birthday, gender, membership_type_ID, duration_group_ID, role_ID) values (44, 'nicolas.frank113@mail.com', 'Nicolas', 'Frank', '067486475288', '1971-12-1', 'm', 1, 2, 4);
insert into members_info (member_ID, email, first_name, last_name, phone_number, birthday, gender, membership_type_ID, duration_group_ID, role_ID) values (45, 'jason.love730@mail.com', 'Jason', 'Love', '029057324595', '1936-11-3', 'm', 1, 2, 4);
insert into members_info (member_ID, email, first_name, last_name, phone_number, birthday, gender, membership_type_ID, duration_group_ID, role_ID) values (46, 'archibald.tyler556@mail.com', 'Archibald', 'Tyler', '013698785891', '2012-1-18', 'm', 1, 2, 4);
insert into members_info (member_ID, email, first_name, last_name, phone_number, birthday, gender, membership_type_ID, duration_group_ID, role_ID) values (47, 'ronnie.roth398@mail.com', 'Ronnie', 'Roth', '031974831215', '1965-4-12', 'm', 2, 4, 4);
insert into members_info (member_ID, email, first_name, last_name, phone_number, birthday, gender, membership_type_ID, duration_group_ID, role_ID) values (48, 'rory.mcguire330@mail.com', 'Rory', 'Mcguire', '060299502427', '1965-8-18', 'm', 2, 2, 4);
insert into members_info (member_ID, email, first_name, last_name, phone_number, birthday, gender, membership_type_ID, duration_group_ID, role_ID) values (49, 'struan.houston60@mail.com', 'Struan', 'Houston', '061575500389', '1979-5-21', 'm', 2, 2, 4);
insert into members_info (member_ID, email, first_name, last_name, phone_number, birthday, gender, membership_type_ID, duration_group_ID, role_ID) values (50, 'alessandro.reynolds860@mail.com', 'Alessandro', 'Reynolds', '069250021765', '2006-7-9', 'm', 1, 3, 4);
insert into members_info (member_ID, email, first_name, last_name, phone_number, birthday, gender, membership_type_ID, duration_group_ID, role_ID) values (51, 'daniel.goodwin982@mail.com', 'Daniel', 'Goodwin', '020240622283', '1965-12-16', 'm', 1, 3, 4);
insert into members_info (member_ID, email, first_name, last_name, phone_number, birthday, gender, membership_type_ID, duration_group_ID, role_ID) values (52, 'evan.floyd764@mail.com', 'Evan', 'Floyd', '002039914687', '1941-3-24', 'm', 1, 3, 4);
insert into members_info (member_ID, email, first_name, last_name, phone_number, birthday, gender, membership_type_ID, duration_group_ID, role_ID) values (53, 'stefan.chambers410@mail.com', 'Stefan', 'Chambers', '009768668222', '1961-4-6', 'm', 1, 2, 4);
insert into members_info (member_ID, email, first_name, last_name, phone_number, birthday, gender, membership_type_ID, duration_group_ID, role_ID) values (54, 'dustin.waters547@mail.com', 'Dustin', 'Waters', '064622740115', '1977-9-24', 'm', 2, 3, 4);
insert into members_info (member_ID, email, first_name, last_name, phone_number, birthday, gender, membership_type_ID, duration_group_ID, role_ID) values (55, 'mathew.serrano139@mail.com', 'Mathew', 'Serrano', '070792878023', '1979-11-7', 'm', 2, 3, 4);
insert into members_info (member_ID, email, first_name, last_name, phone_number, birthday, gender, membership_type_ID, duration_group_ID, role_ID) values (56, 'ewan.nicholson85@mail.com', 'Ewan', 'Nicholson', '057291629274', '1930-4-11', 'm', 1, 3, 4);
insert into members_info (member_ID, email, first_name, last_name, phone_number, birthday, gender, membership_type_ID, duration_group_ID, role_ID) values (57, 'derrick.armstrong853@mail.com', 'Derrick', 'Armstrong', '061982927551', '1967-9-12', 'm', 1, 2, 4);
insert into members_info (member_ID, email, first_name, last_name, phone_number, birthday, gender, membership_type_ID, duration_group_ID, role_ID) values (58, 'johnston.roth486@mail.com', 'Johnston', 'Roth', '008546297212', '1970-9-21', 'm', 1, 1, 4);
insert into members_info (member_ID, email, first_name, last_name, phone_number, birthday, gender, membership_type_ID, duration_group_ID, role_ID) values (59, 'gary.houston275@mail.com', 'Gary', 'Houston', '049893982792', '1976-9-15', 'm', 2, 3, 4);
insert into members_info (member_ID, email, first_name, last_name, phone_number, birthday, gender, membership_type_ID, duration_group_ID, role_ID) values (60, 'oliver.mendez723@mail.com', 'Oliver', 'Mendez', '074608688660', '1948-1-24', 'm', 2, 3, 4);
insert into members_info (member_ID, email, first_name, last_name, phone_number, birthday, gender, membership_type_ID, duration_group_ID, role_ID) values (61, 'dustin.henderson664@mail.com', 'Dustin', 'Henderson', '072287946990', '1939-6-13', 'm', 1, 3, 4);
insert into members_info (member_ID, email, first_name, last_name, phone_number, birthday, gender, membership_type_ID, duration_group_ID, role_ID) values (62, 'alec.bennett265@mail.com', 'Alec', 'Bennett', '044845261608', '1942-12-20', 'm', 2, 1, 4);
insert into members_info (member_ID, email, first_name, last_name, phone_number, birthday, gender, membership_type_ID, duration_group_ID, role_ID) values (63, 'anthony.moreno925@mail.com', 'Anthony', 'Moreno', '070041120033', '1992-1-16', 'm', 1, 4, 4);
insert into members_info (member_ID, email, first_name, last_name, phone_number, birthday, gender, membership_type_ID, duration_group_ID, role_ID) values (64, 'rennie.mack144@mail.com', 'Rennie', 'Mack', '062843525631', '1942-10-7', 'm', 1, 2, 4);
insert into members_info (member_ID, email, first_name, last_name, phone_number, birthday, gender, membership_type_ID, duration_group_ID, role_ID) values (65, 'jacob.russell686@mail.com', 'Jacob', 'Russell', '052796995381', '1946-8-24', 'm', 2, 1, 4);
insert into members_info (member_ID, email, first_name, last_name, phone_number, birthday, gender, membership_type_ID, duration_group_ID, role_ID) values (66, 'william.evans403@mail.com', 'William', 'Evans', '095380793648', '1979-8-5', 'm', 1, 3, 4);
insert into members_info (member_ID, email, first_name, last_name, phone_number, birthday, gender, membership_type_ID, duration_group_ID, role_ID) values (67, 'jody.cochran761@mail.com', 'Jody', 'Cochran', '076739851657', '1966-9-4', 'm', 2, 1, 4);
insert into members_info (member_ID, email, first_name, last_name, phone_number, birthday, gender, membership_type_ID, duration_group_ID, role_ID) values (68, 'quentin.hughes710@mail.com', 'Quentin', 'Hughes', '021309509163', '1945-10-10', 'm', 1, 2, 4);
insert into members_info (member_ID, email, first_name, last_name, phone_number, birthday, gender, membership_type_ID, duration_group_ID, role_ID) values (69, 'torquil.rodgers594@mail.com', 'Torquil', 'Rodgers', '040137821711', '1942-1-21', 'm', 2, 1, 4);
insert into members_info (member_ID, email, first_name, last_name, phone_number, birthday, gender, membership_type_ID, duration_group_ID, role_ID) values (70, 'ceri.khan837@mail.com', 'Ceri', 'Khan', '020661472952', '1934-9-2', 'm', 1, 1, 4);
insert into members_info (member_ID, email, first_name, last_name, phone_number, birthday, gender, membership_type_ID, duration_group_ID, role_ID) values (71, 'mark.porter43@mail.com', 'Mark', 'Porter', '065605201637', '1999-1-17', 'm', 1, 3, 4);
insert into members_info (member_ID, email, first_name, last_name, phone_number, birthday, gender, membership_type_ID, duration_group_ID, role_ID) values (72, 'desmond.yang927@mail.com', 'Desmond', 'Yang', '072283552106', '1931-6-22', 'm', 2, 3, 4);
insert into members_info (member_ID, email, first_name, last_name, phone_number, birthday, gender, membership_type_ID, duration_group_ID, role_ID) values (73, 'denis.anderson958@mail.com', 'Denis', 'Anderson', '025052391784', '1944-5-8', 'm', 2, 1, 4);
insert into members_info (member_ID, email, first_name, last_name, phone_number, birthday, gender, membership_type_ID, duration_group_ID, role_ID) values (74, 'giles.ochoa261@mail.com', 'Giles', 'Ochoa', '015010375052', '1997-7-26', 'm', 2, 4, 4);
insert into members_info (member_ID, email, first_name, last_name, phone_number, birthday, gender, membership_type_ID, duration_group_ID, role_ID) values (75, 'bernard.quinn119@mail.com', 'Bernard', 'Quinn', '052327118140', '1998-6-7', 'm', 1, 1, 4);
insert into members_info (member_ID, email, first_name, last_name, phone_number, birthday, gender, membership_type_ID, duration_group_ID, role_ID) values (76, 'graham.benson626@mail.com', 'Graham', 'Benson', '075160865802', '2008-6-17', 'm', 2, 4, 4);
insert into members_info (member_ID, email, first_name, last_name, phone_number, birthday, gender, membership_type_ID, duration_group_ID, role_ID) values (77, 'hamilton.scott729@mail.com', 'Hamilton', 'Scott', '085664566916', '1936-9-6', 'm', 2, 3, 4);
insert into members_info (member_ID, email, first_name, last_name, phone_number, birthday, gender, membership_type_ID, duration_group_ID, role_ID) values (78, 'richard.cannon885@mail.com', 'Richard', 'Cannon', '082590329566', '1948-5-6', 'm', 2, 3, 4);
insert into members_info (member_ID, email, first_name, last_name, phone_number, birthday, gender, membership_type_ID, duration_group_ID, role_ID) values (79, 'martyn.webb59@mail.com', 'Martyn', 'Webb', '063244237704', '1930-8-1', 'm', 2, 3, 4);
insert into members_info (member_ID, email, first_name, last_name, phone_number, birthday, gender, membership_type_ID, duration_group_ID, role_ID) values (80, 'roddy.duncan425@mail.com', 'Roddy', 'Duncan', '076414903481', '1944-2-25', 'm', 1, 4, 4);
insert into members_info (member_ID, email, first_name, last_name, phone_number, birthday, gender, membership_type_ID, duration_group_ID, role_ID) values (81, 'douglas.mcguire48@mail.com', 'Douglas', 'Mcguire', '075799552136', '1973-1-17', 'm', 2, 3, 4);
insert into members_info (member_ID, email, first_name, last_name, phone_number, birthday, gender, membership_type_ID, duration_group_ID, role_ID) values (82, 'myles.wade701@mail.com', 'Myles', 'Wade', '019525508567', '1966-4-22', 'm', 1, 4, 4);
insert into members_info (member_ID, email, first_name, last_name, phone_number, birthday, gender, membership_type_ID, duration_group_ID, role_ID) values (83, 'murdo.trevino702@mail.com', 'Murdo', 'Trevino', '057064503791', '1943-7-4', 'm', 1, 2, 4);
insert into members_info (member_ID, email, first_name, last_name, phone_number, birthday, gender, membership_type_ID, duration_group_ID, role_ID) values (84, 'carl.lamb202@mail.com', 'Carl', 'Lamb', '023799007849', '1931-11-3', 'm', 1, 2, 4);
insert into members_info (member_ID, email, first_name, last_name, phone_number, birthday, gender, membership_type_ID, duration_group_ID, role_ID) values (85, 'lee.vasquez763@mail.com', 'Lee', 'Vasquez', '035103277715', '1954-6-8', 'm', 1, 2, 4);
insert into members_info (member_ID, email, first_name, last_name, phone_number, birthday, gender, membership_type_ID, duration_group_ID, role_ID) values (86, 'hamish.rodgers818@mail.com', 'Hamish', 'Rodgers', '028885854709', '1990-8-26', 'm', 1, 4, 4);
insert into members_info (member_ID, email, first_name, last_name, phone_number, birthday, gender, membership_type_ID, duration_group_ID, role_ID) values (87, 'graeme.black606@mail.com', 'Graeme', 'Black', '099992210700', '1997-3-19', 'm', 1, 3, 4);
insert into members_info (member_ID, email, first_name, last_name, phone_number, birthday, gender, membership_type_ID, duration_group_ID, role_ID) values (88, 'seumas.clarke485@mail.com', 'Seumas', 'Clarke', '030949853459', '1962-2-10', 'm', 2, 2, 4);
insert into members_info (member_ID, email, first_name, last_name, phone_number, birthday, gender, membership_type_ID, duration_group_ID, role_ID) values (89, 'liam.montoya785@mail.com', 'Liam', 'Montoya', '042555899211', '2009-5-10', 'm', 1, 4, 4);
insert into members_info (member_ID, email, first_name, last_name, phone_number, birthday, gender, membership_type_ID, duration_group_ID, role_ID) values (90, 'mohammed.schneider829@mail.com', 'Mohammed', 'Schneider', '039715525051', '1974-5-11', 'm', 2, 2, 4);
insert into members_info (member_ID, email, first_name, last_name, phone_number, birthday, gender, membership_type_ID, duration_group_ID, role_ID) values (91, 'edmund.stevens591@mail.com', 'Edmund', 'Stevens', '003928033719', '1982-3-16', 'm', 2, 3, 4);
insert into members_info (member_ID, email, first_name, last_name, phone_number, birthday, gender, membership_type_ID, duration_group_ID, role_ID) values (92, 'bernard.tate107@mail.com', 'Bernard', 'Tate', '027453610851', '1940-11-1', 'm', 2, 3, 4);
insert into members_info (member_ID, email, first_name, last_name, phone_number, birthday, gender, membership_type_ID, duration_group_ID, role_ID) values (93, 'atholl.frank659@mail.com', 'Atholl', 'Frank', '095829849389', '1941-3-16', 'm', 1, 3, 4);
insert into members_info (member_ID, email, first_name, last_name, phone_number, birthday, gender, membership_type_ID, duration_group_ID, role_ID) values (94, 'patrick.payne640@mail.com', 'Patrick', 'Payne', '009494002194', '1955-5-15', 'm', 1, 3, 4);
insert into members_info (member_ID, email, first_name, last_name, phone_number, birthday, gender, membership_type_ID, duration_group_ID, role_ID) values (95, 'alessandro.mckinney899@mail.com', 'Alessandro', 'Mckinney', '082593282696', '1991-11-12', 'm', 1, 3, 4);
insert into members_info (member_ID, email, first_name, last_name, phone_number, birthday, gender, membership_type_ID, duration_group_ID, role_ID) values (96, 'justin.burgess486@mail.com', 'Justin', 'Burgess', '020767817850', '1934-10-12', 'm', 1, 3, 4);
insert into members_info (member_ID, email, first_name, last_name, phone_number, birthday, gender, membership_type_ID, duration_group_ID, role_ID) values (97, 'george.carrillo277@mail.com', 'George', 'Carrillo', '008957488181', '1981-6-18', 'm', 1, 1, 4);
insert into members_info (member_ID, email, first_name, last_name, phone_number, birthday, gender, membership_type_ID, duration_group_ID, role_ID) values (98, 'gideon.wise880@mail.com', 'Gideon', 'Wise', '019872770426', '2016-5-15', 'm', 1, 3, 4);
insert into members_info (member_ID, email, first_name, last_name, phone_number, birthday, gender, membership_type_ID, duration_group_ID, role_ID) values (99, 'darin.montoya625@mail.com', 'Darin', 'Montoya', '031917263419', '1996-1-19', 'm', 1, 2, 4);
insert into members_info (member_ID, email, first_name, last_name, phone_number, birthday, gender, membership_type_ID, duration_group_ID, role_ID) values (100, 'philip.frank446@mail.com', 'Philip', 'Frank', '040741509988', '2008-4-25', 'm', 1, 2, 4);
insert into members_info (member_ID, email, first_name, last_name, phone_number, birthday, gender, membership_type_ID, duration_group_ID, role_ID) values (101, 'constance.parker368@mail.com', 'Constance', 'Parker', '094576843449', '1985-12-8', 'f', 1, 3, 4);
insert into members_info (member_ID, email, first_name, last_name, phone_number, birthday, gender, membership_type_ID, duration_group_ID, role_ID) values (102, 'dorothy.castro330@mail.com', 'Dorothy', 'Castro', '004788335575', '1970-1-22', 'f', 2, 3, 4);
insert into members_info (member_ID, email, first_name, last_name, phone_number, birthday, gender, membership_type_ID, duration_group_ID, role_ID) values (103, 'annemarie.shepherd748@mail.com', 'Annemarie', 'Shepherd', '057767994286', '2007-3-13', 'f', 2, 2, 4);
insert into members_info (member_ID, email, first_name, last_name, phone_number, birthday, gender, membership_type_ID, duration_group_ID, role_ID) values (104, 'kaye.sullivan878@mail.com', 'Kaye', 'Sullivan', '000627977115', '1958-6-5', 'f', 2, 1, 4);
insert into members_info (member_ID, email, first_name, last_name, phone_number, birthday, gender, membership_type_ID, duration_group_ID, role_ID) values (105, 'jane.sparks658@mail.com', 'Jane', 'Sparks', '061166252520', '1943-6-2', 'f', 1, 2, 4);
insert into members_info (member_ID, email, first_name, last_name, phone_number, birthday, gender, membership_type_ID, duration_group_ID, role_ID) values (106, 'justine.frank711@mail.com', 'Justine', 'Frank', '091777322849', '1987-1-7', 'f', 2, 4, 4);
insert into members_info (member_ID, email, first_name, last_name, phone_number, birthday, gender, membership_type_ID, duration_group_ID, role_ID) values (107, 'ellen.sanchez952@mail.com', 'Ellen', 'Sanchez', '028438322066', '1986-11-20', 'f', 1, 2, 4);
insert into members_info (member_ID, email, first_name, last_name, phone_number, birthday, gender, membership_type_ID, duration_group_ID, role_ID) values (108, 'tessa.roth69@mail.com', 'Tessa', 'Roth', '093879441576', '1944-11-2', 'f', 2, 1, 4);
insert into members_info (member_ID, email, first_name, last_name, phone_number, birthday, gender, membership_type_ID, duration_group_ID, role_ID) values (109, 'diana.mckinney902@mail.com', 'Diana', 'Mckinney', '026232404805', '2006-11-14', 'f', 1, 2, 4);
insert into members_info (member_ID, email, first_name, last_name, phone_number, birthday, gender, membership_type_ID, duration_group_ID, role_ID) values (110, 'kirstin.greene758@mail.com', 'Kirstin', 'Greene', '018877283802', '1999-5-16', 'f', 1, 1, 4);
insert into members_info (member_ID, email, first_name, last_name, phone_number, birthday, gender, membership_type_ID, duration_group_ID, role_ID) values (111, 'angeline.armstrong36@mail.com', 'Angeline', 'Armstrong', '017823575625', '1957-1-4', 'f', 1, 3, 4);
insert into members_info (member_ID, email, first_name, last_name, phone_number, birthday, gender, membership_type_ID, duration_group_ID, role_ID) values (112, 'alyson.wade364@mail.com', 'Alyson', 'Wade', '031214175409', '2008-9-7', 'f', 1, 2, 4);
insert into members_info (member_ID, email, first_name, last_name, phone_number, birthday, gender, membership_type_ID, duration_group_ID, role_ID) values (113, 'joy.silva228@mail.com', 'Joy', 'Silva', '020517319146', '2010-5-8', 'f', 1, 1, 4);
insert into members_info (member_ID, email, first_name, last_name, phone_number, birthday, gender, membership_type_ID, duration_group_ID, role_ID) values (114, 'jessie.carter305@mail.com', 'Jessie', 'Carter', '065243846063', '1950-5-14', 'f', 1, 4, 4);
insert into members_info (member_ID, email, first_name, last_name, phone_number, birthday, gender, membership_type_ID, duration_group_ID, role_ID) values (115, 'lee.rodriguez891@mail.com', 'Lee', 'Rodriguez', '099565080622', '1968-4-17', 'f', 2, 3, 4);
insert into members_info (member_ID, email, first_name, last_name, phone_number, birthday, gender, membership_type_ID, duration_group_ID, role_ID) values (116, 'carolann.marshall583@mail.com', 'Carolann', 'Marshall', '051151439746', '1944-2-24', 'f', 1, 1, 4);
insert into members_info (member_ID, email, first_name, last_name, phone_number, birthday, gender, membership_type_ID, duration_group_ID, role_ID) values (117, 'sheila.munoz596@mail.com', 'Sheila', 'Munoz', '003671480017', '1994-12-3', 'f', 1, 1, 4);
insert into members_info (member_ID, email, first_name, last_name, phone_number, birthday, gender, membership_type_ID, duration_group_ID, role_ID) values (118, 'bernadette.mora77@mail.com', 'Bernadette', 'Mora', '054884805028', '1962-1-24', 'f', 1, 2, 4);
insert into members_info (member_ID, email, first_name, last_name, phone_number, birthday, gender, membership_type_ID, duration_group_ID, role_ID) values (119, 'rona.logan100@mail.com', 'Rona', 'Logan', '065393067111', '2003-12-12', 'f', 1, 2, 4);
insert into members_info (member_ID, email, first_name, last_name, phone_number, birthday, gender, membership_type_ID, duration_group_ID, role_ID) values (120, 'jean.gill332@mail.com', 'Jean', 'Gill', '004851243960', '1989-11-18', 'f', 1, 3, 4);
insert into members_info (member_ID, email, first_name, last_name, phone_number, birthday, gender, membership_type_ID, duration_group_ID, role_ID) values (121, 'lee-ann.stevens590@mail.com', 'Lee-Ann', 'Stevens', '002859928579', '1967-6-23', 'f', 1, 3, 4);
insert into members_info (member_ID, email, first_name, last_name, phone_number, birthday, gender, membership_type_ID, duration_group_ID, role_ID) values (122, 'esther.phillips201@mail.com', 'Esther', 'Phillips', '045703725083', '1945-8-27', 'f', 1, 3, 4);
insert into members_info (member_ID, email, first_name, last_name, phone_number, birthday, gender, membership_type_ID, duration_group_ID, role_ID) values (123, 'sharon.watkins62@mail.com', 'Sharon', 'Watkins', '011859130714', '2007-11-22', 'f', 1, 4, 4);
insert into members_info (member_ID, email, first_name, last_name, phone_number, birthday, gender, membership_type_ID, duration_group_ID, role_ID) values (124, 'vivienne.meyers18@mail.com', 'Vivienne', 'Meyers', '032579078418', '1953-7-9', 'f', 1, 2, 4);
insert into members_info (member_ID, email, first_name, last_name, phone_number, birthday, gender, membership_type_ID, duration_group_ID, role_ID) values (125, 'marilyn.yates813@mail.com', 'Marilyn', 'Yates', '075332168780', '2002-10-15', 'f', 1, 2, 4);
insert into members_info (member_ID, email, first_name, last_name, phone_number, birthday, gender, membership_type_ID, duration_group_ID, role_ID) values (126, 'sonja.hicks975@mail.com', 'Sonja', 'Hicks', '047762072640', '1955-7-20', 'f', 2, 2, 4);
insert into members_info (member_ID, email, first_name, last_name, phone_number, birthday, gender, membership_type_ID, duration_group_ID, role_ID) values (127, 'sarah.whitaker422@mail.com', 'Sarah', 'Whitaker', '093096811702', '1965-11-19', 'f', 1, 3, 4);
insert into members_info (member_ID, email, first_name, last_name, phone_number, birthday, gender, membership_type_ID, duration_group_ID, role_ID) values (128, 'paula.andrade359@mail.com', 'Paula', 'Andrade', '079593811513', '1957-12-21', 'f', 1, 3, 4);
insert into members_info (member_ID, email, first_name, last_name, phone_number, birthday, gender, membership_type_ID, duration_group_ID, role_ID) values (129, 'miranda.roman675@mail.com', 'Miranda', 'Roman', '031836999558', '1997-3-8', 'f', 1, 1, 4);
insert into members_info (member_ID, email, first_name, last_name, phone_number, birthday, gender, membership_type_ID, duration_group_ID, role_ID) values (130, 'edith.fisher726@mail.com', 'Edith', 'Fisher', '023570038296', '1968-8-20', 'f', 2, 3, 4);
insert into members_info (member_ID, email, first_name, last_name, phone_number, birthday, gender, membership_type_ID, duration_group_ID, role_ID) values (131, 'kerry.mccormick576@mail.com', 'Kerry', 'Mccormick', '017941870768', '1977-1-24', 'f', 1, 3, 4);
insert into members_info (member_ID, email, first_name, last_name, phone_number, birthday, gender, membership_type_ID, duration_group_ID, role_ID) values (132, 'claudia.stevenson79@mail.com', 'Claudia', 'Stevenson', '083841642244', '1988-6-21', 'f', 1, 2, 4);
insert into members_info (member_ID, email, first_name, last_name, phone_number, birthday, gender, membership_type_ID, duration_group_ID, role_ID) values (133, 'vicky.obrien772@mail.com', 'Vicky', 'Obrien', '059033924884', '1990-9-23', 'f', 1, 2, 4);
insert into members_info (member_ID, email, first_name, last_name, phone_number, birthday, gender, membership_type_ID, duration_group_ID, role_ID) values (134, 'mhairi.bass742@mail.com', 'Mhairi', 'Bass', '010515567261', '1961-4-8', 'f', 2, 3, 4);
insert into members_info (member_ID, email, first_name, last_name, phone_number, birthday, gender, membership_type_ID, duration_group_ID, role_ID) values (135, 'carolyne.ramos997@mail.com', 'Carolyne', 'Ramos', '073544867079', '2003-1-23', 'f', 1, 3, 4);
insert into members_info (member_ID, email, first_name, last_name, phone_number, birthday, gender, membership_type_ID, duration_group_ID, role_ID) values (136, 'anne.juarez54@mail.com', 'Anne', 'Juarez', '027682428306', '1931-11-16', 'f', 1, 4, 4);
insert into members_info (member_ID, email, first_name, last_name, phone_number, birthday, gender, membership_type_ID, duration_group_ID, role_ID) values (137, 'glenda.barker609@mail.com', 'Glenda', 'Barker', '029169725252', '1959-5-13', 'f', 1, 1, 4);
insert into members_info (member_ID, email, first_name, last_name, phone_number, birthday, gender, membership_type_ID, duration_group_ID, role_ID) values (138, 'teresa.dennis304@mail.com', 'Teresa', 'Dennis', '013984472331', '1987-6-20', 'f', 1, 2, 4);
insert into members_info (member_ID, email, first_name, last_name, phone_number, birthday, gender, membership_type_ID, duration_group_ID, role_ID) values (139, 'tara.pope294@mail.com', 'Tara', 'Pope', '037779637122', '1975-4-7', 'f', 1, 3, 4);
insert into members_info (member_ID, email, first_name, last_name, phone_number, birthday, gender, membership_type_ID, duration_group_ID, role_ID) values (140, 'debbie.miranda901@mail.com', 'Debbie', 'Miranda', '027463742180', '1986-2-2', 'f', 2, 4, 4);
insert into members_info (member_ID, email, first_name, last_name, phone_number, birthday, gender, membership_type_ID, duration_group_ID, role_ID) values (141, 'may.harper329@mail.com', 'May', 'Harper', '056174994308', '1989-2-3', 'f', 1, 1, 4);
insert into members_info (member_ID, email, first_name, last_name, phone_number, birthday, gender, membership_type_ID, duration_group_ID, role_ID) values (142, 'faye.morris474@mail.com', 'Faye', 'Morris', '003426317611', '1959-2-10', 'f', 1, 2, 4);
insert into members_info (member_ID, email, first_name, last_name, phone_number, birthday, gender, membership_type_ID, duration_group_ID, role_ID) values (143, 'edith.drake494@mail.com', 'Edith', 'Drake', '039642708324', '2016-1-27', 'f', 1, 1, 4);
insert into members_info (member_ID, email, first_name, last_name, phone_number, birthday, gender, membership_type_ID, duration_group_ID, role_ID) values (144, 'juliet.guerrero926@mail.com', 'Juliet', 'Guerrero', '085485125675', '1936-1-9', 'f', 2, 3, 4);
insert into members_info (member_ID, email, first_name, last_name, phone_number, birthday, gender, membership_type_ID, duration_group_ID, role_ID) values (145, 'mandy.ortiz501@mail.com', 'Mandy', 'Ortiz', '080324837070', '1934-2-11', 'f', 2, 4, 4);
insert into members_info (member_ID, email, first_name, last_name, phone_number, birthday, gender, membership_type_ID, duration_group_ID, role_ID) values (146, 'daniella.hill354@mail.com', 'Daniella', 'Hill', '073789135917', '1957-7-22', 'f', 2, 4, 4);
insert into members_info (member_ID, email, first_name, last_name, phone_number, birthday, gender, membership_type_ID, duration_group_ID, role_ID) values (147, 'marie.wong879@mail.com', 'Marie', 'Wong', '089095769886', '1936-12-7', 'f', 1, 2, 4);
insert into members_info (member_ID, email, first_name, last_name, phone_number, birthday, gender, membership_type_ID, duration_group_ID, role_ID) values (148, 'kirsten.coleman41@mail.com', 'Kirsten', 'Coleman', '096932581139', '1959-2-1', 'f', 1, 3, 4);
insert into members_info (member_ID, email, first_name, last_name, phone_number, birthday, gender, membership_type_ID, duration_group_ID, role_ID) values (149, 'lee.rice567@mail.com', 'Lee', 'Rice', '027789218543', '2006-10-13', 'f', 1, 1, 4);
insert into members_info (member_ID, email, first_name, last_name, phone_number, birthday, gender, membership_type_ID, duration_group_ID, role_ID) values (150, 'jessica.burton288@mail.com', 'Jessica', 'Burton', '096589093176', '1985-2-7', 'f', 1, 2, 4);
insert into members_info (member_ID, email, first_name, last_name, phone_number, birthday, gender, membership_type_ID, duration_group_ID, role_ID) values (151, 'agnes.waters354@mail.com', 'Agnes', 'Waters', '029456037322', '1962-7-22', 'f', 2, 3, 4);
insert into members_info (member_ID, email, first_name, last_name, phone_number, birthday, gender, membership_type_ID, duration_group_ID, role_ID) values (152, 'lucy.simmons506@mail.com', 'Lucy', 'Simmons', '085947372035', '1989-5-18', 'f', 1, 3, 4);
insert into members_info (member_ID, email, first_name, last_name, phone_number, birthday, gender, membership_type_ID, duration_group_ID, role_ID) values (153, 'hayley.sanchez352@mail.com', 'Hayley', 'Sanchez', '002926466956', '1981-5-17', 'f', 1, 4, 4);
insert into members_info (member_ID, email, first_name, last_name, phone_number, birthday, gender, membership_type_ID, duration_group_ID, role_ID) values (154, 'sarah-jane.hughes499@mail.com', 'Sarah-Jane', 'Hughes', '092927584877', '1975-2-11', 'f', 2, 3, 4);
insert into members_info (member_ID, email, first_name, last_name, phone_number, birthday, gender, membership_type_ID, duration_group_ID, role_ID) values (155, 'lorna.fuller874@mail.com', 'Lorna', 'Fuller', '001277002621', '1954-2-11', 'f', 2, 4, 4);
insert into members_info (member_ID, email, first_name, last_name, phone_number, birthday, gender, membership_type_ID, duration_group_ID, role_ID) values (156, 'ruth.castaneda662@mail.com', 'Ruth', 'Castaneda', '075273361205', '1930-1-3', 'f', 1, 2, 4);
insert into members_info (member_ID, email, first_name, last_name, phone_number, birthday, gender, membership_type_ID, duration_group_ID, role_ID) values (157, 'trudy.ball225@mail.com', 'Trudy', 'Ball', '021780719981', '1975-6-16', 'f', 1, 2, 4);
insert into members_info (member_ID, email, first_name, last_name, phone_number, birthday, gender, membership_type_ID, duration_group_ID, role_ID) values (158, 'roberta.lin837@mail.com', 'Roberta', 'Lin', '053936584331', '1939-2-25', 'f', 2, 1, 4);
insert into members_info (member_ID, email, first_name, last_name, phone_number, birthday, gender, membership_type_ID, duration_group_ID, role_ID) values (159, 'annie.mitchell784@mail.com', 'Annie', 'Mitchell', '063711046616', '1995-2-14', 'f', 1, 2, 4);
insert into members_info (member_ID, email, first_name, last_name, phone_number, birthday, gender, membership_type_ID, duration_group_ID, role_ID) values (160, 'melissa.mccarthy376@mail.com', 'Melissa', 'Mccarthy', '058243474626', '2003-2-14', 'f', 1, 2, 4);
insert into members_info (member_ID, email, first_name, last_name, phone_number, birthday, gender, membership_type_ID, duration_group_ID, role_ID) values (161, 'gail.mullins946@mail.com', 'Gail', 'Mullins', '093359530360', '1939-6-15', 'f', 1, 3, 4);
insert into members_info (member_ID, email, first_name, last_name, phone_number, birthday, gender, membership_type_ID, duration_group_ID, role_ID) values (162, 'margaret.gibson342@mail.com', 'Margaret', 'Gibson', '097501410191', '1978-1-24', 'f', 1, 2, 4);
insert into members_info (member_ID, email, first_name, last_name, phone_number, birthday, gender, membership_type_ID, duration_group_ID, role_ID) values (163, 'alexis.holloway906@mail.com', 'Alexis', 'Holloway', '043571631673', '2010-1-9', 'f', 1, 4, 4);
insert into members_info (member_ID, email, first_name, last_name, phone_number, birthday, gender, membership_type_ID, duration_group_ID, role_ID) values (164, 'keli.dean587@mail.com', 'Keli', 'Dean', '074875035100', '2007-5-14', 'f', 1, 1, 4);
insert into members_info (member_ID, email, first_name, last_name, phone_number, birthday, gender, membership_type_ID, duration_group_ID, role_ID) values (165, 'trudy.payne558@mail.com', 'Trudy', 'Payne', '021771270119', '2004-8-2', 'f', 1, 2, 4);
insert into members_info (member_ID, email, first_name, last_name, phone_number, birthday, gender, membership_type_ID, duration_group_ID, role_ID) values (166, 'beth.duncan513@mail.com', 'Beth', 'Duncan', '093225702390', '1931-1-6', 'f', 2, 2, 4);
insert into members_info (member_ID, email, first_name, last_name, phone_number, birthday, gender, membership_type_ID, duration_group_ID, role_ID) values (167, 'stacey.berry366@mail.com', 'Stacey', 'Berry', '057435457588', '1960-5-1', 'f', 2, 1, 4);
insert into members_info (member_ID, email, first_name, last_name, phone_number, birthday, gender, membership_type_ID, duration_group_ID, role_ID) values (168, 'claudine.zamora735@mail.com', 'Claudine', 'Zamora', '031649334616', '1950-7-6', 'f', 1, 3, 4);
insert into members_info (member_ID, email, first_name, last_name, phone_number, birthday, gender, membership_type_ID, duration_group_ID, role_ID) values (169, 'janice.fisher24@mail.com', 'Janice', 'Fisher', '091532905649', '2012-12-12', 'f', 1, 1, 4);
insert into members_info (member_ID, email, first_name, last_name, phone_number, birthday, gender, membership_type_ID, duration_group_ID, role_ID) values (170, 'lynsey.quinn545@mail.com', 'Lynsey', 'Quinn', '050810314830', '1967-5-26', 'f', 1, 3, 4);
insert into members_info (member_ID, email, first_name, last_name, phone_number, birthday, gender, membership_type_ID, duration_group_ID, role_ID) values (171, 'jan.welch43@mail.com', 'Jan', 'Welch', '047593305926', '1999-1-26', 'f', 2, 2, 4);
insert into members_info (member_ID, email, first_name, last_name, phone_number, birthday, gender, membership_type_ID, duration_group_ID, role_ID) values (172, 'gina.guzman642@mail.com', 'Gina', 'Guzman', '062817640673', '1973-11-20', 'f', 1, 4, 4);
insert into members_info (member_ID, email, first_name, last_name, phone_number, birthday, gender, membership_type_ID, duration_group_ID, role_ID) values (173, 'linzi.salazar276@mail.com', 'Linzi', 'Salazar', '057964532242', '1986-5-11', 'f', 1, 4, 4);
insert into members_info (member_ID, email, first_name, last_name, phone_number, birthday, gender, membership_type_ID, duration_group_ID, role_ID) values (174, 'marlyn.watson280@mail.com', 'Marlyn', 'Watson', '044679548284', '1979-12-9', 'f', 1, 3, 4);
insert into members_info (member_ID, email, first_name, last_name, phone_number, birthday, gender, membership_type_ID, duration_group_ID, role_ID) values (175, 'sharlene.carr888@mail.com', 'Sharlene', 'Carr', '076128630692', '1940-6-5', 'f', 1, 3, 4);
insert into members_info (member_ID, email, first_name, last_name, phone_number, birthday, gender, membership_type_ID, duration_group_ID, role_ID) values (176, 'joyce.smith844@mail.com', 'Joyce', 'Smith', '091178854459', '1996-8-14', 'f', 2, 1, 4);
insert into members_info (member_ID, email, first_name, last_name, phone_number, birthday, gender, membership_type_ID, duration_group_ID, role_ID) values (177, 'sheena.ali513@mail.com', 'Sheena', 'Ali', '079979700220', '1956-2-13', 'f', 1, 3, 4);
insert into members_info (member_ID, email, first_name, last_name, phone_number, birthday, gender, membership_type_ID, duration_group_ID, role_ID) values (178, 'andrea.evans362@mail.com', 'Andrea', 'Evans', '027667437356', '1935-2-4', 'f', 2, 3, 4);
insert into members_info (member_ID, email, first_name, last_name, phone_number, birthday, gender, membership_type_ID, duration_group_ID, role_ID) values (179, 'simone.kramer561@mail.com', 'Simone', 'Kramer', '098396170964', '2018-10-19', 'f', 1, 2, 4);
insert into members_info (member_ID, email, first_name, last_name, phone_number, birthday, gender, membership_type_ID, duration_group_ID, role_ID) values (180, 'allison.matthews643@mail.com', 'Allison', 'Matthews', '058882560899', '1962-4-20', 'f', 1, 2, 4);
insert into members_info (member_ID, email, first_name, last_name, phone_number, birthday, gender, membership_type_ID, duration_group_ID, role_ID) values (181, 'joy.yang754@mail.com', 'Joy', 'Yang', '051364354271', '2007-11-24', 'f', 1, 1, 4);
insert into members_info (member_ID, email, first_name, last_name, phone_number, birthday, gender, membership_type_ID, duration_group_ID, role_ID) values (182, 'aileen.mcguire910@mail.com', 'Aileen', 'Mcguire', '099438144776', '1973-8-10', 'f', 1, 4, 4);
insert into members_info (member_ID, email, first_name, last_name, phone_number, birthday, gender, membership_type_ID, duration_group_ID, role_ID) values (183, 'amber.goodwin679@mail.com', 'Amber', 'Goodwin', '074916046580', '2000-7-26', 'f', 1, 1, 4);
insert into members_info (member_ID, email, first_name, last_name, phone_number, birthday, gender, membership_type_ID, duration_group_ID, role_ID) values (184, 'kate.solis134@mail.com', 'Kate', 'Solis', '029879616525', '1995-12-21', 'f', 1, 2, 4);
insert into members_info (member_ID, email, first_name, last_name, phone_number, birthday, gender, membership_type_ID, duration_group_ID, role_ID) values (185, 'nadine.owens780@mail.com', 'Nadine', 'Owens', '062332364579', '2007-4-8', 'f', 1, 1, 4);
insert into members_info (member_ID, email, first_name, last_name, phone_number, birthday, gender, membership_type_ID, duration_group_ID, role_ID) values (186, 'shelley.fischer82@mail.com', 'Shelley', 'Fischer', '059798445448', '1988-12-19', 'f', 1, 3, 4);
insert into members_info (member_ID, email, first_name, last_name, phone_number, birthday, gender, membership_type_ID, duration_group_ID, role_ID) values (187, 'mandy.olsen425@mail.com', 'Mandy', 'Olsen', '073596119400', '1974-1-11', 'f', 2, 2, 4);
insert into members_info (member_ID, email, first_name, last_name, phone_number, birthday, gender, membership_type_ID, duration_group_ID, role_ID) values (188, 'senga.logan479@mail.com', 'Senga', 'Logan', '020614378064', '1932-9-15', 'f', 2, 3, 4);
insert into members_info (member_ID, email, first_name, last_name, phone_number, birthday, gender, membership_type_ID, duration_group_ID, role_ID) values (189, 'teri.duran951@mail.com', 'Teri', 'Duran', '036580144857', '1967-2-23', 'f', 2, 3, 4);
insert into members_info (member_ID, email, first_name, last_name, phone_number, birthday, gender, membership_type_ID, duration_group_ID, role_ID) values (190, 'kate.schneider459@mail.com', 'Kate', 'Schneider', '079423687651', '1965-4-27', 'f', 2, 1, 4);
insert into members_info (member_ID, email, first_name, last_name, phone_number, birthday, gender, membership_type_ID, duration_group_ID, role_ID) values (191, 'carmen.myers333@mail.com', 'Carmen', 'Myers', '083446360379', '1943-9-3', 'f', 1, 3, 4);
insert into members_info (member_ID, email, first_name, last_name, phone_number, birthday, gender, membership_type_ID, duration_group_ID, role_ID) values (192, 'ruth.powell912@mail.com', 'Ruth', 'Powell', '021464520651', '1981-4-6', 'f', 1, 3, 4);
insert into members_info (member_ID, email, first_name, last_name, phone_number, birthday, gender, membership_type_ID, duration_group_ID, role_ID) values (193, 'barbara.wagner699@mail.com', 'Barbara', 'Wagner', '069613798750', '1952-10-15', 'f', 1, 1, 4);
insert into members_info (member_ID, email, first_name, last_name, phone_number, birthday, gender, membership_type_ID, duration_group_ID, role_ID) values (194, 'sheena.brown686@mail.com', 'Sheena', 'Brown', '073088380937', '1980-9-1', 'f', 1, 2, 4);
insert into members_info (member_ID, email, first_name, last_name, phone_number, birthday, gender, membership_type_ID, duration_group_ID, role_ID) values (195, 'faye.wagner652@mail.com', 'Faye', 'Wagner', '029494120253', '1942-10-2', 'f', 2, 1, 4);
insert into members_info (member_ID, email, first_name, last_name, phone_number, birthday, gender, membership_type_ID, duration_group_ID, role_ID) values (196, 'sophia.lang388@mail.com', 'Sophia', 'Lang', '093668427065', '1984-5-18', 'f', 2, 3, 4);
insert into members_info (member_ID, email, first_name, last_name, phone_number, birthday, gender, membership_type_ID, duration_group_ID, role_ID) values (197, 'janice.sandoval538@mail.com', 'Janice', 'Sandoval', '003338103498', '1968-8-14', 'f', 1, 4, 4);
insert into members_info (member_ID, email, first_name, last_name, phone_number, birthday, gender, membership_type_ID, duration_group_ID, role_ID) values (198, 'mairi.holmes371@mail.com', 'Mairi', 'Holmes', '062157638808', '2000-6-1', 'f', 2, 3, 4);
insert into members_info (member_ID, email, first_name, last_name, phone_number, birthday, gender, membership_type_ID, duration_group_ID, role_ID) values (199, 'fiona.powell522@mail.com', 'Fiona', 'Powell', '060081874231', '2001-1-5', 'f', 2, 3, 4);
insert into members_info (member_ID, email, first_name, last_name, phone_number, birthday, gender, membership_type_ID, duration_group_ID, role_ID) values (200, 'margaret.alexander297@mail.com', 'Margaret', 'Alexander', '038976931481', '2009-7-14', 'f', 1, 2, 4);