insert into age_groups (age_group_ID, age_group_name, discount) values (1, 'kids', 50);
insert into age_groups (age_group_ID, age_group_name, discount) values (2, 'teenagers', 30);
insert into age_groups (age_group_ID, age_group_name, discount) values (3, 'adults', 0);
insert into age_groups (age_group_ID, age_group_name, discount) values (4, 'seniors', 20);

insert into sports (sport_ID, sport_name, sport_type, professionalism) values (1, 'soccer', 'team', TRUE);
insert into sports (sport_ID, sport_name, sport_type, professionalism) values (2, 'soccer', 'team', FALSE);
insert into sports (sport_ID, sport_name, sport_type, professionalism) values (3, 'tennis', 'single', TRUE);
insert into sports (sport_ID, sport_name, sport_type, professionalism) values (4, 'tennis', 'single', FALSE);
insert into sports (sport_ID, sport_name, sport_type, professionalism) values (5, 'volleyball', 'team', TRUE);
insert into sports (sport_ID, sport_name, sport_type, professionalism) values (6, 'volleyball', 'team', FALSE);
insert into sports (sport_ID, sport_name, sport_type, professionalism) values (7, 'gymnastics', 'single', TRUE);
insert into sports (sport_ID, sport_name, sport_type, professionalism) values (8, 'gymnastics', 'single', FALSE);
insert into sports (sport_ID, sport_name, sport_type, professionalism) values (9, 'handball', 'team', TRUE);
insert into sports (sport_ID, sport_name, sport_type, professionalism) values (10, 'handball', 'team', FALSE);
insert into sports (sport_ID, sport_name, sport_type, professionalism) values (11, 'swimming', 'single', TRUE);
insert into sports (sport_ID, sport_name, sport_type, professionalism) values (12, 'swimming', 'single', FALSE);

insert into professionalisms (professionalism_ID, prof_name, discount) values (1, 'professional', 50);
insert into professionalisms (professionalism_ID, prof_name, discount) values (2, 'hobby', 0);

insert into roles (role_ID, role_name, all_rights, most_rights, some_rights) values (1, 'admin', TRUE, FALSE, FALSE);
insert into roles (role_ID, role_name, all_rights, most_rights, some_rights) values (2, 'president', FALSE, TRUE, FALSE);
insert into roles (role_ID, role_name, all_rights, most_rights, some_rights) values (3, 'chairman', FALSE, FALSE, TRUE);
insert into roles (role_ID, role_name, all_rights, most_rights, some_rights) values (4, 'regular', FALSE, FALSE, FALSE);


insert into duration_groups (duration_group_ID, duration_group_name, discount) values (1, 'newbies', 0);
insert into duration_groups (duration_group_ID, duration_group_name, discount) values (2, 'regulars', 10);
insert into duration_groups (duration_group_ID, duration_group_name, discount) values (3, 'longtimers', 20);
insert into duration_groups (duration_group_ID, duration_group_name, discount) values (4, 'legends', 30);

insert into memberships (membership_ID, membership_name, price) values (1, 'active', 120);
insert into memberships (membership_ID, membership_name, price) values (2, 'passive', 50);

insert into members (member_ID, email, pw) values (1, 'admin.adminton123@mail.com', 'password');
insert into members (member_ID, email, pw) values (2, 'kevin.king911@mail.com', 'OGAPpPNn');
insert into members (member_ID, email, pw) values (3, 'colin.kelley9@mail.com', 'ZrynzlRZ');
insert into members (member_ID, email, pw) values (4, 'manus.norris232@mail.com', 'yBqbryLL');
insert into members (member_ID, email, pw) values (5, 'elliot.higgins828@mail.com', 'eBIQUpIw');
insert into members (member_ID, email, pw) values (6, 'aynsley.jensen686@mail.com', 'vkDcAzhb');
insert into members (member_ID, email, pw) values (7, 'roddy.norris743@mail.com', 'DIJwVfPr');
insert into members (member_ID, email, pw) values (8, 'greg.fuentes777@mail.com', 'wIGgMliz');
insert into members (member_ID, email, pw) values (9, 'magnus.campbell960@mail.com', 'dsbmEJuC');
insert into members (member_ID, email, pw) values (10, 'allen.hill614@mail.com', 'bTKcfXhF');
insert into members (member_ID, email, pw) values (11, 'duncan.tucker78@mail.com', 'AUOkeRqK');
insert into members (member_ID, email, pw) values (12, 'eoin.owen203@mail.com', 'lAnderCh');
insert into members (member_ID, email, pw) values (13, 'nicol.bryan282@mail.com', 'gNwXDJvr');
insert into members (member_ID, email, pw) values (14, 'andrew.higgins68@mail.com', 'iaRGWGvP');
insert into members (member_ID, email, pw) values (15, 'brendan.liu96@mail.com', 'jWkuCjqR');
insert into members (member_ID, email, pw) values (16, 'vincent.moss115@mail.com', 'nbOrSpcX');
insert into members (member_ID, email, pw) values (17, 'ruaridh.trevino273@mail.com', 'WKHHbpTf');
insert into members (member_ID, email, pw) values (18, 'shane.alexander456@mail.com', 'craTDlmA');
insert into members (member_ID, email, pw) values (19, 'trevor.quinn950@mail.com', 'cZMjPxFh');
insert into members (member_ID, email, pw) values (20, 'donovan.fleming360@mail.com', 'bIPtQnDK');
insert into members (member_ID, email, pw) values (21, 'max.murphy616@mail.com', 'CSaAngrF');
insert into members (member_ID, email, pw) values (22, 'nicol.mitchell126@mail.com', 'ADeRWDJV');
insert into members (member_ID, email, pw) values (23, 'kieron.bush479@mail.com', 'vOzuLffc');
insert into members (member_ID, email, pw) values (24, 'lachlan.gutierrez512@mail.com', 'HhiTdkxo');
insert into members (member_ID, email, pw) values (25, 'terence.pineda548@mail.com', 'LkepTUaq');
insert into members (member_ID, email, pw) values (26, 'garth.webster92@mail.com', 'LHWurhOX');
insert into members (member_ID, email, pw) values (27, 'hendry.bautista901@mail.com', 'TrFZxfNi');
insert into members (member_ID, email, pw) values (28, 'rowan.charles415@mail.com', 'CSoLgklz');
insert into members (member_ID, email, pw) values (29, 'edmund.cortez45@mail.com', 'aDpRPaHJ');
insert into members (member_ID, email, pw) values (30, 'eamonn.yang588@mail.com', 'ZhqSzMhj');
insert into members (member_ID, email, pw) values (31, 'garry.morton323@mail.com', 'EoqGSvVo');
insert into members (member_ID, email, pw) values (32, 'bernard.drake745@mail.com', 'BkgTQwZm');
insert into members (member_ID, email, pw) values (33, 'gerald.johnson320@mail.com', 'RvgfmihG');
insert into members (member_ID, email, pw) values (34, 'garry.peterson456@mail.com', 'phJFZEgk');
insert into members (member_ID, email, pw) values (35, 'alfred.arias373@mail.com', 'oTVrBKUi');
insert into members (member_ID, email, pw) values (36, 'edgar.barnett800@mail.com', 'CYEGMHkK');
insert into members (member_ID, email, pw) values (37, 'thomas.hall474@mail.com', 'YoigOokG');
insert into members (member_ID, email, pw) values (38, 'gerrard.sims595@mail.com', 'aiEoCWPW');
insert into members (member_ID, email, pw) values (39, 'gregor.espinoza65@mail.com', 'dhVNwOwz');
insert into members (member_ID, email, pw) values (40, 'anton.tucker580@mail.com', 'gIPrVmSI');
insert into members (member_ID, email, pw) values (41, 'stefano.woods460@mail.com', 'ecBVEXSk');
insert into members (member_ID, email, pw) values (42, 'fergus.luna377@mail.com', 'LwiZsiwT');
insert into members (member_ID, email, pw) values (43, 'greg.silva650@mail.com', 'WzRcZrro');
insert into members (member_ID, email, pw) values (44, 'harvey.beck300@mail.com', 'LKUicvXa');
insert into members (member_ID, email, pw) values (45, 'christopher.conner415@mail.com', 'FUBRpSAj');
insert into members (member_ID, email, pw) values (46, 'alec.alvarez614@mail.com', 'uFHzgBaq');
insert into members (member_ID, email, pw) values (47, 'deryck.james312@mail.com', 'lgIimqpI');
insert into members (member_ID, email, pw) values (48, 'martyn.yates792@mail.com', 'chcUyLRH');
insert into members (member_ID, email, pw) values (49, 'moray.mcguire496@mail.com', 'PgxdIapj');
insert into members (member_ID, email, pw) values (50, 'rennie.buchanan501@mail.com', 'PcaDaeBK');
insert into members (member_ID, email, pw) values (51, 'ashok.hernandez778@mail.com', 'RAurCPMt');
insert into members (member_ID, email, pw) values (52, 'ceri.ortiz41@mail.com', 'rgpFNkpm');
insert into members (member_ID, email, pw) values (53, 'aidan.burns803@mail.com', 'tsMVHpFN');
insert into members (member_ID, email, pw) values (54, 'benedict.arnold303@mail.com', 'mNCsCAyJ');
insert into members (member_ID, email, pw) values (55, 'bryce.miller794@mail.com', 'GWgCUkyz');
insert into members (member_ID, email, pw) values (56, 'jeffrey.hubbard334@mail.com', 'GvWfglSO');
insert into members (member_ID, email, pw) values (57, 'clint.shaw864@mail.com', 'xroXsUxK');
insert into members (member_ID, email, pw) values (58, 'calum.bowen222@mail.com', 'hhufeONy');
insert into members (member_ID, email, pw) values (59, 'lachlan.wolf762@mail.com', 'CfEbcFBT');
insert into members (member_ID, email, pw) values (60, 'douglas.shah911@mail.com', 'HYnlpZYC');
insert into members (member_ID, email, pw) values (61, 'victor.ortega348@mail.com', 'aJZAruEB');
insert into members (member_ID, email, pw) values (62, 'johnston.malone403@mail.com', 'qekEJtEm');
insert into members (member_ID, email, pw) values (63, 'marc.waters890@mail.com', 'YuxDklBR');
insert into members (member_ID, email, pw) values (64, 'martyn.christensen523@mail.com', 'OFOfdGZQ');
insert into members (member_ID, email, pw) values (65, 'henry.hunt945@mail.com', 'exhatwwX');
insert into members (member_ID, email, pw) values (66, 'seumas.cannon47@mail.com', 'ftrgCoWV');
insert into members (member_ID, email, pw) values (67, 'glen.dixon305@mail.com', 'HzqRCooA');
insert into members (member_ID, email, pw) values (68, 'ali.macias377@mail.com', 'oxMTTWuO');
insert into members (member_ID, email, pw) values (69, 'desmond.clark379@mail.com', 'Zokwctth');
insert into members (member_ID, email, pw) values (70, 'nairn.nash772@mail.com', 'IZefybuk');
insert into members (member_ID, email, pw) values (71, 'archie.love199@mail.com', 'DYeayili');
insert into members (member_ID, email, pw) values (72, 'philip.parker881@mail.com', 'RqGSWCad');
insert into members (member_ID, email, pw) values (73, 'riccardo.hart530@mail.com', 'TluGCGGA');
insert into members (member_ID, email, pw) values (74, 'gerrard.hunter563@mail.com', 'sJcgrDBr');
insert into members (member_ID, email, pw) values (75, 'crawford.howard516@mail.com', 'FKunOddm');
insert into members (member_ID, email, pw) values (76, 'guy.drake57@mail.com', 'gmlqmakT');
insert into members (member_ID, email, pw) values (77, 'khalil.powers134@mail.com', 'XhWGhRZL');
insert into members (member_ID, email, pw) values (78, 'christian.fischer173@mail.com', 'dcWENoVb');
insert into members (member_ID, email, pw) values (79, 'karl.barrett933@mail.com', 'HcEiKJFI');
insert into members (member_ID, email, pw) values (80, 'clifford.peters89@mail.com', 'LZJNBbkV');
insert into members (member_ID, email, pw) values (81, 'kenneth.ward661@mail.com', 'RaIlgoyH');
insert into members (member_ID, email, pw) values (82, 'garry.burgess461@mail.com', 'XmNEVbAB');
insert into members (member_ID, email, pw) values (83, 'murray.ramsey292@mail.com', 'mxurUJMw');
insert into members (member_ID, email, pw) values (84, 'andre.henry950@mail.com', 'YxKMPEsU');
insert into members (member_ID, email, pw) values (85, 'edward.mccoy180@mail.com', 'GrLkIehi');
insert into members (member_ID, email, pw) values (86, 'lachlan.lyons82@mail.com', 'XWDkMIwz');
insert into members (member_ID, email, pw) values (87, 'dario.patrick590@mail.com', 'RacMfDMf');
insert into members (member_ID, email, pw) values (88, 'julian.barnes849@mail.com', 'ZhWeHTGC');
insert into members (member_ID, email, pw) values (89, 'alastair.peterson121@mail.com', 'sluCdsAj');
insert into members (member_ID, email, pw) values (90, 'erik.andrade909@mail.com', 'xkgXBEJS');
insert into members (member_ID, email, pw) values (91, 'mario.christensen423@mail.com', 'ZPGwRFWb');
insert into members (member_ID, email, pw) values (92, 'robert.tran435@mail.com', 'wOKortUd');
insert into members (member_ID, email, pw) values (93, 'noel.barrett619@mail.com', 'kJOevmFx');
insert into members (member_ID, email, pw) values (94, 'roddy.wheeler633@mail.com', 'rWZtVvjH');
insert into members (member_ID, email, pw) values (95, 'oliver.marsh617@mail.com', 'vFwinjJf');
insert into members (member_ID, email, pw) values (96, 'adrian.klein710@mail.com', 'rymckBFc');
insert into members (member_ID, email, pw) values (97, 'dennis.wells379@mail.com', 'nSVWaHit');
insert into members (member_ID, email, pw) values (98, 'iain.mccormick847@mail.com', 'ngXbnDlw');
insert into members (member_ID, email, pw) values (99, 'morgan.sanchez707@mail.com', 'EkLorobz');
insert into members (member_ID, email, pw) values (100, 'andrea.schultz950@mail.com', 'wCPWalVg');
insert into members (member_ID, email, pw) values (101, 'miriam.byrd991@mail.com', 'IrgXFACB');
insert into members (member_ID, email, pw) values (102, 'debbie.williams836@mail.com', 'iIICiykk');
insert into members (member_ID, email, pw) values (103, 'cindy.potter594@mail.com', 'TqYQVurO');
insert into members (member_ID, email, pw) values (104, 'wendy.frank111@mail.com', 'WIUxkVRc');
insert into members (member_ID, email, pw) values (105, 'colette.murray217@mail.com', 'alHfUkhR');
insert into members (member_ID, email, pw) values (106, 'claudia.lucas400@mail.com', 'kvvFDVeP');
insert into members (member_ID, email, pw) values (107, 'roseann.johnston961@mail.com', 'iKSzOBPo');
insert into members (member_ID, email, pw) values (108, 'donna.washington686@mail.com', 'jiVyJRPO');
insert into members (member_ID, email, pw) values (109, 'nadine.carson59@mail.com', 'cGOQRsca');
insert into members (member_ID, email, pw) values (110, 'marlyn.barnes537@mail.com', 'HFfRGKcs');
insert into members (member_ID, email, pw) values (111, 'marion.warner560@mail.com', 'rpJEWlxW');
insert into members (member_ID, email, pw) values (112, 'cheryl.hodges784@mail.com', 'MNWHzNTR');
insert into members (member_ID, email, pw) values (113, 'caren.grant518@mail.com', 'sLPQyHTQ');
insert into members (member_ID, email, pw) values (114, 'samantha.barnett592@mail.com', 'uqdpiczL');
insert into members (member_ID, email, pw) values (115, 'edith.lane860@mail.com', 'upodkvAc');
insert into members (member_ID, email, pw) values (116, 'gina.zhang335@mail.com', 'RsmiucRd');
insert into members (member_ID, email, pw) values (117, 'catriona.floyd142@mail.com', 'HsjFNLfz');
insert into members (member_ID, email, pw) values (118, 'debra.morrow237@mail.com', 'wBlGPzwp');
insert into members (member_ID, email, pw) values (119, 'kara.lang259@mail.com', 'ihraSChG');
insert into members (member_ID, email, pw) values (120, 'hazel.reid273@mail.com', 'bmFrdnsm');
insert into members (member_ID, email, pw) values (121, 'jeanette.wade145@mail.com', 'fntRHLqU');
insert into members (member_ID, email, pw) values (122, 'carla.cole585@mail.com', 'BZdtBkdB');
insert into members (member_ID, email, pw) values (123, 'theresa.lang194@mail.com', 'zyTANQJu');
insert into members (member_ID, email, pw) values (124, 'irene.kim692@mail.com', 'udcOzGXR');
insert into members (member_ID, email, pw) values (125, 'charlotte.black374@mail.com', 'bsvlpecQ');
insert into members (member_ID, email, pw) values (126, 'marjorie.vaughn694@mail.com', 'iEPCohcA');
insert into members (member_ID, email, pw) values (127, 'johanne.garza609@mail.com', 'amWJteCv');
insert into members (member_ID, email, pw) values (128, 'carol.dean43@mail.com', 'UZKyuipK');
insert into members (member_ID, email, pw) values (129, 'gayle.crawford438@mail.com', 'GTFkbKdh');
insert into members (member_ID, email, pw) values (130, 'kirsten.underwood311@mail.com', 'qGNTbgIa');
insert into members (member_ID, email, pw) values (131, 'caroline.ortega321@mail.com', 'akPzExCb');
insert into members (member_ID, email, pw) values (132, 'candice.black34@mail.com', 'okqPnFKH');
insert into members (member_ID, email, pw) values (133, 'brenda.patterson268@mail.com', 'fgzzvmdB');
insert into members (member_ID, email, pw) values (134, 'june.charles278@mail.com', 'zazjauTD');
insert into members (member_ID, email, pw) values (135, 'teri.marshall163@mail.com', 'dmGWneUG');
insert into members (member_ID, email, pw) values (136, 'diana.carrillo614@mail.com', 'nQYhzFox');
insert into members (member_ID, email, pw) values (137, 'martha.dunn434@mail.com', 'PgcTeYqE');
insert into members (member_ID, email, pw) values (138, 'lyn.elliott962@mail.com', 'TmTkaLzS');
insert into members (member_ID, email, pw) values (139, 'christina.aguilar844@mail.com', 'liVFbTGK');
insert into members (member_ID, email, pw) values (140, 'gail.hill493@mail.com', 'yezoVGBn');
insert into members (member_ID, email, pw) values (141, 'lynsay.warner590@mail.com', 'nKDkfQBQ');
insert into members (member_ID, email, pw) values (142, 'suzanne.walters712@mail.com', 'TyboDUTv');
insert into members (member_ID, email, pw) values (143, 'aimee.greer607@mail.com', 'gFLWaHNu');
insert into members (member_ID, email, pw) values (144, 'morag.goodman621@mail.com', 'HVfcLMVX');
insert into members (member_ID, email, pw) values (145, 'esther.trevino535@mail.com', 'MRHHcOYD');
insert into members (member_ID, email, pw) values (146, 'sandra.todd109@mail.com', 'vXgscAYP');
insert into members (member_ID, email, pw) values (147, 'catherine.maldonado523@mail.com', 'pGZNgbdX');
insert into members (member_ID, email, pw) values (148, 'tessa.tran687@mail.com', 'qFFOpwAd');
insert into members (member_ID, email, pw) values (149, 'edith.mcguire589@mail.com', 'FCQCpdNh');
insert into members (member_ID, email, pw) values (150, 'carolann.cobb570@mail.com', 'eIylUQGG');
insert into members (member_ID, email, pw) values (151, 'lara.lozano915@mail.com', 'fYvEbect');
insert into members (member_ID, email, pw) values (152, 'helena.goodman811@mail.com', 'ijkVKqIG');
insert into members (member_ID, email, pw) values (153, 'karen.delgado674@mail.com', 'xRZLHmZK');
insert into members (member_ID, email, pw) values (154, 'kate.pratt252@mail.com', 'JjroIuzS');
insert into members (member_ID, email, pw) values (155, 'alison.franklin939@mail.com', 'htyPQkkd');
insert into members (member_ID, email, pw) values (156, 'janette.fields40@mail.com', 'dNvLHpwa');
insert into members (member_ID, email, pw) values (157, 'marisa.wood910@mail.com', 'TbZZiplZ');
insert into members (member_ID, email, pw) values (158, 'moira.ball177@mail.com', 'dZDtxLFq');
insert into members (member_ID, email, pw) values (159, 'amelia.hammond597@mail.com', 'PUNVNZBe');
insert into members (member_ID, email, pw) values (160, 'cindy.ballard605@mail.com', 'kIKyPndq');
insert into members (member_ID, email, pw) values (161, 'kerrie.nicholson652@mail.com', 'aySZCeHk');
insert into members (member_ID, email, pw) values (162, 'evelyn.meyer939@mail.com', 'owgDfkqu');
insert into members (member_ID, email, pw) values (163, 'theresa.gregory593@mail.com', 'SmwoDcHi');
insert into members (member_ID, email, pw) values (164, 'moira.butler457@mail.com', 'xbuuLmFU');
insert into members (member_ID, email, pw) values (165, 'gillian.hansen665@mail.com', 'njMqJUnd');
insert into members (member_ID, email, pw) values (166, 'nicola.mitchell920@mail.com', 'dcqJOkte');
insert into members (member_ID, email, pw) values (167, 'jayne.patterson728@mail.com', 'UqkvtYsS');
insert into members (member_ID, email, pw) values (168, 'keri.sullivan694@mail.com', 'CQTzKSZY');
insert into members (member_ID, email, pw) values (169, 'stephanie.reynolds502@mail.com', 'LawUdnzD');
insert into members (member_ID, email, pw) values (170, 'tara.huang833@mail.com', 'svPZzUtv');
insert into members (member_ID, email, pw) values (171, 'cecilia.burns937@mail.com', 'WTRoKinG');
insert into members (member_ID, email, pw) values (172, 'carrie.cardenas300@mail.com', 'lSwwQFet');
insert into members (member_ID, email, pw) values (173, 'jillian.ramsey75@mail.com', 'iOoPlIYO');
insert into members (member_ID, email, pw) values (174, 'tara.osborne433@mail.com', 'QbXeizNW');
insert into members (member_ID, email, pw) values (175, 'elspeth.patterson892@mail.com', 'BTCKnNCB');
insert into members (member_ID, email, pw) values (176, 'charlotte.hodges642@mail.com', 'FecDiEiB');
insert into members (member_ID, email, pw) values (177, 'carolyne.jones814@mail.com', 'QOpwdrTn');
insert into members (member_ID, email, pw) values (178, 'paulene.salinas743@mail.com', 'bXUPvIdM');
insert into members (member_ID, email, pw) values (179, 'erica.velasquez182@mail.com', 'aQLhRIzI');
insert into members (member_ID, email, pw) values (180, 'eilidh.solis32@mail.com', 'PcQhXXTi');
insert into members (member_ID, email, pw) values (181, 'vivian.floyd65@mail.com', 'yRdBTlhn');
insert into members (member_ID, email, pw) values (182, 'carolanne.silva320@mail.com', 'xgnCNDNx');
insert into members (member_ID, email, pw) values (183, 'fiona.wong425@mail.com', 'dDwnkVte');
insert into members (member_ID, email, pw) values (184, 'janine.martinez758@mail.com', 'nzALhVbe');
insert into members (member_ID, email, pw) values (185, 'louise.guerrero601@mail.com', 'wYVMzBNQ');
insert into members (member_ID, email, pw) values (186, 'carol-ann.cole456@mail.com', 'VKGMBUSS');
insert into members (member_ID, email, pw) values (187, 'catherine.ali525@mail.com', 'jVHuRZRr');
insert into members (member_ID, email, pw) values (188, 'eva.castro964@mail.com', 'YhLtpOng');
insert into members (member_ID, email, pw) values (189, 'debra.gardner239@mail.com', 'XwlhNTVx');
insert into members (member_ID, email, pw) values (190, 'rosalind.collier740@mail.com', 'xbMgiDZZ');
insert into members (member_ID, email, pw) values (191, 'ingrid.martin397@mail.com', 'QZpotSJh');
insert into members (member_ID, email, pw) values (192, 'marion.hicks633@mail.com', 'PVqFpHiA');
insert into members (member_ID, email, pw) values (193, 'karen.pierce610@mail.com', 'wVhZLZmE');
insert into members (member_ID, email, pw) values (194, 'corrine.ballard65@mail.com', 'fCxfTnNU');
insert into members (member_ID, email, pw) values (195, 'gina.matthews832@mail.com', 'DJsXHGIU');
insert into members (member_ID, email, pw) values (196, 'michele.phillips461@mail.com', 'ZYMFVMYC');
insert into members (member_ID, email, pw) values (197, 'pamela.burnett790@mail.com', 'XNkjbptS');
insert into members (member_ID, email, pw) values (198, 'anna.stevens411@mail.com', 'ymxhtlDe');
insert into members (member_ID, email, pw) values (199, 'tania.weiss305@mail.com', 'pIouxBbw');
insert into members (member_ID, email, pw) values (200, 'antonia.maxwell36@mail.com', 'kGwyTjgf');

insert into members_info (email, first_name, last_name, phone_number, birthday, gender, membership_type_ID, duration_group_ID, role_ID, sport_ID) values ('admin.adminton123@mail.com', 'Admin', 'Adminton', '089108949145', '1969-5-12', 'm', 2, 3, 1, 4);
insert into members_info (email, first_name, last_name, phone_number, birthday, gender, membership_type_ID, duration_group_ID, role_ID, sport_ID) values ('kevin.king911@mail.com', 'Kevin', 'King', '061260589747', '1945-5-6', 'm', 2, 1, 2, 10);
insert into members_info (email, first_name, last_name, phone_number, birthday, gender, membership_type_ID, duration_group_ID, role_ID, sport_ID) values ('colin.kelley9@mail.com', 'Colin', 'Kelley', '013991133849', '1983-6-14', 'm', 1, 3, 3, 7);
insert into members_info (email, first_name, last_name, phone_number, birthday, gender, membership_type_ID, duration_group_ID, role_ID, sport_ID) values ('manus.norris232@mail.com', 'Manus', 'Norris', '021724285377', '1970-11-7', 'm', 1, 3, 3, 12);
insert into members_info (email, first_name, last_name, phone_number, birthday, gender, membership_type_ID, duration_group_ID, role_ID, sport_ID) values ('elliot.higgins828@mail.com', 'Elliot', 'Higgins', '069801331039', '2002-6-7', 'm', 1, 2, 3, 8);
insert into members_info (email, first_name, last_name, phone_number, birthday, gender, membership_type_ID, duration_group_ID, role_ID, sport_ID) values ('aynsley.jensen686@mail.com', 'Aynsley', 'Jensen', '044346231104', '2011-12-17', 'm', 1, 1, 3, 13);
insert into members_info (email, first_name, last_name, phone_number, birthday, gender, membership_type_ID, duration_group_ID, role_ID, sport_ID) values ('roddy.norris743@mail.com', 'Roddy', 'Norris', '078148791152', '1935-7-11', 'm', 2, 4, 4, 3);
insert into members_info (email, first_name, last_name, phone_number, birthday, gender, membership_type_ID, duration_group_ID, role_ID, sport_ID) values ('greg.fuentes777@mail.com', 'Greg', 'Fuentes', '018709875594', '1997-5-12', 'm', 1, 1, 4, 12);
insert into members_info (email, first_name, last_name, phone_number, birthday, gender, membership_type_ID, duration_group_ID, role_ID, sport_ID) values ('magnus.campbell960@mail.com', 'Magnus', 'Campbell', '054883657478', '1982-4-1', 'm', 1, 1, 4, 12);
insert into members_info (email, first_name, last_name, phone_number, birthday, gender, membership_type_ID, duration_group_ID, role_ID, sport_ID) values ('allen.hill614@mail.com', 'Allen', 'Hill', '012950772128', '1953-7-12', 'm', 1, 2, 4, 2);
insert into members_info (email, first_name, last_name, phone_number, birthday, gender, membership_type_ID, duration_group_ID, role_ID, sport_ID) values ('duncan.tucker78@mail.com', 'Duncan', 'Tucker', '030335699488', '2005-6-11', 'm', 2, 4, 4, 12);
insert into members_info (email, first_name, last_name, phone_number, birthday, gender, membership_type_ID, duration_group_ID, role_ID, sport_ID) values ('eoin.owen203@mail.com', 'Eoin', 'Owen', '038797951555', '1976-1-3', 'm', 1, 3, 4, 5);
insert into members_info (email, first_name, last_name, phone_number, birthday, gender, membership_type_ID, duration_group_ID, role_ID, sport_ID) values ('nicol.bryan282@mail.com', 'Nicol', 'Bryan', '018065310170', '1954-6-13', 'm', 1, 3, 4, 4);
insert into members_info (email, first_name, last_name, phone_number, birthday, gender, membership_type_ID, duration_group_ID, role_ID, sport_ID) values ('andrew.higgins68@mail.com', 'Andrew', 'Higgins', '092633800349', '1954-6-10', 'm', 1, 2, 4, 9);
insert into members_info (email, first_name, last_name, phone_number, birthday, gender, membership_type_ID, duration_group_ID, role_ID, sport_ID) values ('brendan.liu96@mail.com', 'Brendan', 'Liu', '008846808138', '2009-8-15', 'm', 1, 3, 4, 10);
insert into members_info (email, first_name, last_name, phone_number, birthday, gender, membership_type_ID, duration_group_ID, role_ID, sport_ID) values ('vincent.moss115@mail.com', 'Vincent', 'Moss', '072024802152', '1973-1-14', 'm', 1, 3, 4, 4);
insert into members_info (email, first_name, last_name, phone_number, birthday, gender, membership_type_ID, duration_group_ID, role_ID, sport_ID) values ('ruaridh.trevino273@mail.com', 'Ruaridh', 'Trevino', '089026041978', '1966-4-4', 'm', 1, 2, 4, 11);
insert into members_info (email, first_name, last_name, phone_number, birthday, gender, membership_type_ID, duration_group_ID, role_ID, sport_ID) values ('shane.alexander456@mail.com', 'Shane', 'Alexander', '016286160846', '1982-11-22', 'm', 1, 1, 4, 1);
insert into members_info (email, first_name, last_name, phone_number, birthday, gender, membership_type_ID, duration_group_ID, role_ID, sport_ID) values ('trevor.quinn950@mail.com', 'Trevor', 'Quinn', '034997614705', '1953-10-15', 'm', 2, 3, 4, 5);
insert into members_info (email, first_name, last_name, phone_number, birthday, gender, membership_type_ID, duration_group_ID, role_ID, sport_ID) values ('donovan.fleming360@mail.com', 'Donovan', 'Fleming', '054780035797', '1947-11-15', 'm', 1, 3, 4, 6);
insert into members_info (email, first_name, last_name, phone_number, birthday, gender, membership_type_ID, duration_group_ID, role_ID, sport_ID) values ('max.murphy616@mail.com', 'Max', 'Murphy', '035050274894', '1939-3-12', 'm', 2, 3, 4, 13);
insert into members_info (email, first_name, last_name, phone_number, birthday, gender, membership_type_ID, duration_group_ID, role_ID, sport_ID) values ('nicol.mitchell126@mail.com', 'Nicol', 'Mitchell', '091332353979', '1946-3-27', 'm', 2, 1, 4, 1);
insert into members_info (email, first_name, last_name, phone_number, birthday, gender, membership_type_ID, duration_group_ID, role_ID, sport_ID) values ('kieron.bush479@mail.com', 'Kieron', 'Bush', '037861105079', '1989-5-2', 'm', 1, 3, 4, 5);
insert into members_info (email, first_name, last_name, phone_number, birthday, gender, membership_type_ID, duration_group_ID, role_ID, sport_ID) values ('lachlan.gutierrez512@mail.com', 'Lachlan', 'Gutierrez', '052166069298', '1977-2-6', 'm', 1, 3, 4, 13);
insert into members_info (email, first_name, last_name, phone_number, birthday, gender, membership_type_ID, duration_group_ID, role_ID, sport_ID) values ('terence.pineda548@mail.com', 'Terence', 'Pineda', '035010782970', '2012-2-5', 'm', 1, 4, 4, 5);
insert into members_info (email, first_name, last_name, phone_number, birthday, gender, membership_type_ID, duration_group_ID, role_ID, sport_ID) values ('garth.webster92@mail.com', 'Garth', 'Webster', '095872354868', '1972-9-15', 'm', 1, 2, 4, 3);
insert into members_info (email, first_name, last_name, phone_number, birthday, gender, membership_type_ID, duration_group_ID, role_ID, sport_ID) values ('hendry.bautista901@mail.com', 'Hendry', 'Bautista', '007202539787', '1942-1-27', 'm', 1, 3, 4, 12);
insert into members_info (email, first_name, last_name, phone_number, birthday, gender, membership_type_ID, duration_group_ID, role_ID, sport_ID) values ('rowan.charles415@mail.com', 'Rowan', 'Charles', '063308552242', '1982-9-27', 'm', 1, 2, 4, 1);
insert into members_info (email, first_name, last_name, phone_number, birthday, gender, membership_type_ID, duration_group_ID, role_ID, sport_ID) values ('edmund.cortez45@mail.com', 'Edmund', 'Cortez', '033160836408', '1960-9-16', 'm', 1, 3, 4, 9);
insert into members_info (email, first_name, last_name, phone_number, birthday, gender, membership_type_ID, duration_group_ID, role_ID, sport_ID) values ('eamonn.yang588@mail.com', 'Eamonn', 'Yang', '000054760946', '2019-6-26', 'm', 2, 3, 4, 12);
insert into members_info (email, first_name, last_name, phone_number, birthday, gender, membership_type_ID, duration_group_ID, role_ID, sport_ID) values ('garry.morton323@mail.com', 'Garry', 'Morton', '052833352567', '1992-9-16', 'm', 1, 2, 4, 12);
insert into members_info (email, first_name, last_name, phone_number, birthday, gender, membership_type_ID, duration_group_ID, role_ID, sport_ID) values ('bernard.drake745@mail.com', 'Bernard', 'Drake', '013167649384', '1931-7-13', 'm', 1, 4, 4, 6);
insert into members_info (email, first_name, last_name, phone_number, birthday, gender, membership_type_ID, duration_group_ID, role_ID, sport_ID) values ('gerald.johnson320@mail.com', 'Gerald', 'Johnson', '077099112853', '1944-6-17', 'm', 1, 2, 4, 13);
insert into members_info (email, first_name, last_name, phone_number, birthday, gender, membership_type_ID, duration_group_ID, role_ID, sport_ID) values ('garry.peterson456@mail.com', 'Garry', 'Peterson', '073956424650', '2017-7-23', 'm', 1, 3, 4, 1);
insert into members_info (email, first_name, last_name, phone_number, birthday, gender, membership_type_ID, duration_group_ID, role_ID, sport_ID) values ('alfred.arias373@mail.com', 'Alfred', 'Arias', '016717139139', '2017-1-14', 'm', 1, 2, 4, 7);
insert into members_info (email, first_name, last_name, phone_number, birthday, gender, membership_type_ID, duration_group_ID, role_ID, sport_ID) values ('edgar.barnett800@mail.com', 'Edgar', 'Barnett', '033877274671', '1944-2-20', 'm', 1, 3, 4, 13);
insert into members_info (email, first_name, last_name, phone_number, birthday, gender, membership_type_ID, duration_group_ID, role_ID, sport_ID) values ('thomas.hall474@mail.com', 'Thomas', 'Hall', '072418436401', '1984-8-21', 'm', 2, 3, 4, 7);
insert into members_info (email, first_name, last_name, phone_number, birthday, gender, membership_type_ID, duration_group_ID, role_ID, sport_ID) values ('gerrard.sims595@mail.com', 'Gerrard', 'Sims', '007846945631', '2008-6-3', 'm', 2, 4, 4, 6);
insert into members_info (email, first_name, last_name, phone_number, birthday, gender, membership_type_ID, duration_group_ID, role_ID, sport_ID) values ('gregor.espinoza65@mail.com', 'Gregor', 'Espinoza', '010463610899', '2010-12-18', 'm', 1, 3, 4, 4);
insert into members_info (email, first_name, last_name, phone_number, birthday, gender, membership_type_ID, duration_group_ID, role_ID, sport_ID) values ('anton.tucker580@mail.com', 'Anton', 'Tucker', '041285851685', '2014-7-7', 'm', 1, 2, 4, 6);
insert into members_info (email, first_name, last_name, phone_number, birthday, gender, membership_type_ID, duration_group_ID, role_ID, sport_ID) values ('stefano.woods460@mail.com', 'Stefano', 'Woods', '078413070201', '1948-10-5', 'm', 2, 2, 4, 10);
insert into members_info (email, first_name, last_name, phone_number, birthday, gender, membership_type_ID, duration_group_ID, role_ID, sport_ID) values ('fergus.luna377@mail.com', 'Fergus', 'Luna', '016837728108', '1932-2-19', 'm', 1, 1, 4, 2);
insert into members_info (email, first_name, last_name, phone_number, birthday, gender, membership_type_ID, duration_group_ID, role_ID, sport_ID) values ('greg.silva650@mail.com', 'Greg', 'Silva', '037601123025', '1932-5-27', 'm', 1, 2, 4, 1);
insert into members_info (email, first_name, last_name, phone_number, birthday, gender, membership_type_ID, duration_group_ID, role_ID, sport_ID) values ('harvey.beck300@mail.com', 'Harvey', 'Beck', '063921624078', '2004-6-22', 'm', 1, 4, 4, 1);
insert into members_info (email, first_name, last_name, phone_number, birthday, gender, membership_type_ID, duration_group_ID, role_ID, sport_ID) values ('christopher.conner415@mail.com', 'Christopher', 'Conner', '062976655007', '1975-1-17', 'm', 1, 1, 4, 6);
insert into members_info (email, first_name, last_name, phone_number, birthday, gender, membership_type_ID, duration_group_ID, role_ID, sport_ID) values ('alec.alvarez614@mail.com', 'Alec', 'Alvarez', '057390248336', '1956-4-17', 'm', 2, 2, 4, 6);
insert into members_info (email, first_name, last_name, phone_number, birthday, gender, membership_type_ID, duration_group_ID, role_ID, sport_ID) values ('deryck.james312@mail.com', 'Deryck', 'James', '053607226462', '1995-12-7', 'm', 1, 3, 4, 1);
insert into members_info (email, first_name, last_name, phone_number, birthday, gender, membership_type_ID, duration_group_ID, role_ID, sport_ID) values ('martyn.yates792@mail.com', 'Martyn', 'Yates', '085054377037', '1987-3-8', 'm', 2, 3, 4, 11);
insert into members_info (email, first_name, last_name, phone_number, birthday, gender, membership_type_ID, duration_group_ID, role_ID, sport_ID) values ('moray.mcguire496@mail.com', 'Moray', 'Mcguire', '004607259219', '1991-4-2', 'm', 1, 3, 4, 11);
insert into members_info (email, first_name, last_name, phone_number, birthday, gender, membership_type_ID, duration_group_ID, role_ID, sport_ID) values ('rennie.buchanan501@mail.com', 'Rennie', 'Buchanan', '044513406743', '1978-8-20', 'm', 1, 2, 4, 3);
insert into members_info (email, first_name, last_name, phone_number, birthday, gender, membership_type_ID, duration_group_ID, role_ID, sport_ID) values ('ashok.hernandez778@mail.com', 'Ashok', 'Hernandez', '042699412265', '1935-7-20', 'm', 1, 2, 4, 6);
insert into members_info (email, first_name, last_name, phone_number, birthday, gender, membership_type_ID, duration_group_ID, role_ID, sport_ID) values ('ceri.ortiz41@mail.com', 'Ceri', 'Ortiz', '082812391529', '1992-8-23', 'm', 1, 2, 4, 12);
insert into members_info (email, first_name, last_name, phone_number, birthday, gender, membership_type_ID, duration_group_ID, role_ID, sport_ID) values ('aidan.burns803@mail.com', 'Aidan', 'Burns', '077507661533', '2007-1-16', 'm', 2, 3, 4, 6);
insert into members_info (email, first_name, last_name, phone_number, birthday, gender, membership_type_ID, duration_group_ID, role_ID, sport_ID) values ('benedict.arnold303@mail.com', 'Benedict', 'Arnold', '041634324172', '2015-4-15', 'm', 1, 2, 4, 6);
insert into members_info (email, first_name, last_name, phone_number, birthday, gender, membership_type_ID, duration_group_ID, role_ID, sport_ID) values ('bryce.miller794@mail.com', 'Bryce', 'Miller', '044139969612', '1978-5-22', 'm', 2, 1, 4, 11);
insert into members_info (email, first_name, last_name, phone_number, birthday, gender, membership_type_ID, duration_group_ID, role_ID, sport_ID) values ('jeffrey.hubbard334@mail.com', 'Jeffrey', 'Hubbard', '001483285597', '2007-11-16', 'm', 2, 2, 4, 4);
insert into members_info (email, first_name, last_name, phone_number, birthday, gender, membership_type_ID, duration_group_ID, role_ID, sport_ID) values ('clint.shaw864@mail.com', 'Clint', 'Shaw', '037982721229', '2008-2-16', 'm', 1, 1, 4, 11);
insert into members_info (email, first_name, last_name, phone_number, birthday, gender, membership_type_ID, duration_group_ID, role_ID, sport_ID) values ('calum.bowen222@mail.com', 'Calum', 'Bowen', '071252283397', '1946-4-16', 'm', 1, 3, 4, 10);
insert into members_info (email, first_name, last_name, phone_number, birthday, gender, membership_type_ID, duration_group_ID, role_ID, sport_ID) values ('lachlan.wolf762@mail.com', 'Lachlan', 'Wolf', '024137978299', '1969-4-26', 'm', 2, 4, 4, 8);
insert into members_info (email, first_name, last_name, phone_number, birthday, gender, membership_type_ID, duration_group_ID, role_ID, sport_ID) values ('douglas.shah911@mail.com', 'Douglas', 'Shah', '005073683792', '1999-12-20', 'm', 1, 3, 4, 6);
insert into members_info (email, first_name, last_name, phone_number, birthday, gender, membership_type_ID, duration_group_ID, role_ID, sport_ID) values ('victor.ortega348@mail.com', 'Victor', 'Ortega', '011515877433', '1946-3-24', 'm', 2, 3, 4, 3);
insert into members_info (email, first_name, last_name, phone_number, birthday, gender, membership_type_ID, duration_group_ID, role_ID, sport_ID) values ('johnston.malone403@mail.com', 'Johnston', 'Malone', '020537254011', '2004-11-26', 'm', 1, 3, 4, 5);
insert into members_info (email, first_name, last_name, phone_number, birthday, gender, membership_type_ID, duration_group_ID, role_ID, sport_ID) values ('marc.waters890@mail.com', 'Marc', 'Waters', '057617369298', '1957-6-3', 'm', 1, 2, 4, 1);
insert into members_info (email, first_name, last_name, phone_number, birthday, gender, membership_type_ID, duration_group_ID, role_ID, sport_ID) values ('martyn.christensen523@mail.com', 'Martyn', 'Christensen', '062118354364', '1971-2-21', 'm', 1, 1, 4, 13);
insert into members_info (email, first_name, last_name, phone_number, birthday, gender, membership_type_ID, duration_group_ID, role_ID, sport_ID) values ('henry.hunt945@mail.com', 'Henry', 'Hunt', '011660114620', '1952-12-15', 'm', 2, 3, 4, 2);
insert into members_info (email, first_name, last_name, phone_number, birthday, gender, membership_type_ID, duration_group_ID, role_ID, sport_ID) values ('seumas.cannon47@mail.com', 'Seumas', 'Cannon', '083893312829', '1991-9-7', 'm', 1, 3, 4, 11);
insert into members_info (email, first_name, last_name, phone_number, birthday, gender, membership_type_ID, duration_group_ID, role_ID, sport_ID) values ('glen.dixon305@mail.com', 'Glen', 'Dixon', '063644320797', '2015-7-17', 'm', 1, 3, 4, 6);
insert into members_info (email, first_name, last_name, phone_number, birthday, gender, membership_type_ID, duration_group_ID, role_ID, sport_ID) values ('ali.macias377@mail.com', 'Ali', 'Macias', '068174242765', '1974-6-17', 'm', 1, 1, 4, 7);
insert into members_info (email, first_name, last_name, phone_number, birthday, gender, membership_type_ID, duration_group_ID, role_ID, sport_ID) values ('desmond.clark379@mail.com', 'Desmond', 'Clark', '056385133446', '1944-7-15', 'm', 1, 2, 4, 12);
insert into members_info (email, first_name, last_name, phone_number, birthday, gender, membership_type_ID, duration_group_ID, role_ID, sport_ID) values ('nairn.nash772@mail.com', 'Nairn', 'Nash', '086112042083', '1955-11-24', 'm', 1, 1, 4, 9);
insert into members_info (email, first_name, last_name, phone_number, birthday, gender, membership_type_ID, duration_group_ID, role_ID, sport_ID) values ('archie.love199@mail.com', 'Archie', 'Love', '081417849120', '2009-10-7', 'm', 2, 3, 4, 3);
insert into members_info (email, first_name, last_name, phone_number, birthday, gender, membership_type_ID, duration_group_ID, role_ID, sport_ID) values ('philip.parker881@mail.com', 'Philip', 'Parker', '022178315458', '1975-2-19', 'm', 1, 2, 4, 11);
insert into members_info (email, first_name, last_name, phone_number, birthday, gender, membership_type_ID, duration_group_ID, role_ID, sport_ID) values ('riccardo.hart530@mail.com', 'Riccardo', 'Hart', '055979792313', '1933-3-19', 'm', 1, 3, 4, 9);
insert into members_info (email, first_name, last_name, phone_number, birthday, gender, membership_type_ID, duration_group_ID, role_ID, sport_ID) values ('gerrard.hunter563@mail.com', 'Gerrard', 'Hunter', '091708521296', '1979-9-19', 'm', 1, 3, 4, 4);
insert into members_info (email, first_name, last_name, phone_number, birthday, gender, membership_type_ID, duration_group_ID, role_ID, sport_ID) values ('crawford.howard516@mail.com', 'Crawford', 'Howard', '036948488285', '1984-6-12', 'm', 2, 3, 4, 7);
insert into members_info (email, first_name, last_name, phone_number, birthday, gender, membership_type_ID, duration_group_ID, role_ID, sport_ID) values ('guy.drake57@mail.com', 'Guy', 'Drake', '073736214324', '1969-10-27', 'm', 1, 2, 4, 7);
insert into members_info (email, first_name, last_name, phone_number, birthday, gender, membership_type_ID, duration_group_ID, role_ID, sport_ID) values ('khalil.powers134@mail.com', 'Khalil', 'Powers', '014297556360', '1993-7-7', 'm', 1, 4, 4, 12);
insert into members_info (email, first_name, last_name, phone_number, birthday, gender, membership_type_ID, duration_group_ID, role_ID, sport_ID) values ('christian.fischer173@mail.com', 'Christian', 'Fischer', '074221336377', '1975-12-11', 'm', 2, 1, 4, 11);
insert into members_info (email, first_name, last_name, phone_number, birthday, gender, membership_type_ID, duration_group_ID, role_ID, sport_ID) values ('karl.barrett933@mail.com', 'Karl', 'Barrett', '059842734713', '1955-6-11', 'm', 1, 4, 4, 9);
insert into members_info (email, first_name, last_name, phone_number, birthday, gender, membership_type_ID, duration_group_ID, role_ID, sport_ID) values ('clifford.peters89@mail.com', 'Clifford', 'Peters', '034292461195', '1952-8-18', 'm', 1, 1, 4, 7);
insert into members_info (email, first_name, last_name, phone_number, birthday, gender, membership_type_ID, duration_group_ID, role_ID, sport_ID) values ('kenneth.ward661@mail.com', 'Kenneth', 'Ward', '031534324635', '1986-11-3', 'm', 1, 1, 4, 6);
insert into members_info (email, first_name, last_name, phone_number, birthday, gender, membership_type_ID, duration_group_ID, role_ID, sport_ID) values ('garry.burgess461@mail.com', 'Garry', 'Burgess', '054770290677', '1998-9-6', 'm', 2, 2, 4, 12);
insert into members_info (email, first_name, last_name, phone_number, birthday, gender, membership_type_ID, duration_group_ID, role_ID, sport_ID) values ('murray.ramsey292@mail.com', 'Murray', 'Ramsey', '088061092280', '1962-10-23', 'm', 1, 2, 4, 1);
insert into members_info (email, first_name, last_name, phone_number, birthday, gender, membership_type_ID, duration_group_ID, role_ID, sport_ID) values ('andre.henry950@mail.com', 'Andre', 'Henry', '087728331902', '1967-4-11', 'm', 2, 2, 4, 1);
insert into members_info (email, first_name, last_name, phone_number, birthday, gender, membership_type_ID, duration_group_ID, role_ID, sport_ID) values ('edward.mccoy180@mail.com', 'Edward', 'Mccoy', '033958283145', '1993-12-19', 'm', 1, 3, 4, 2);
insert into members_info (email, first_name, last_name, phone_number, birthday, gender, membership_type_ID, duration_group_ID, role_ID, sport_ID) values ('lachlan.lyons82@mail.com', 'Lachlan', 'Lyons', '029109772786', '1982-3-23', 'm', 1, 2, 4, 6);
insert into members_info (email, first_name, last_name, phone_number, birthday, gender, membership_type_ID, duration_group_ID, role_ID, sport_ID) values ('dario.patrick590@mail.com', 'Dario', 'Patrick', '068306787561', '1956-2-12', 'm', 1, 1, 4, 8);
insert into members_info (email, first_name, last_name, phone_number, birthday, gender, membership_type_ID, duration_group_ID, role_ID, sport_ID) values ('julian.barnes849@mail.com', 'Julian', 'Barnes', '076508036994', '1994-5-1', 'm', 1, 2, 4, 5);
insert into members_info (email, first_name, last_name, phone_number, birthday, gender, membership_type_ID, duration_group_ID, role_ID, sport_ID) values ('alastair.peterson121@mail.com', 'Alastair', 'Peterson', '053073854218', '1932-12-11', 'm', 1, 2, 4, 9);
insert into members_info (email, first_name, last_name, phone_number, birthday, gender, membership_type_ID, duration_group_ID, role_ID, sport_ID) values ('erik.andrade909@mail.com', 'Erik', 'Andrade', '078961772951', '2000-9-21', 'm', 1, 4, 4, 13);
insert into members_info (email, first_name, last_name, phone_number, birthday, gender, membership_type_ID, duration_group_ID, role_ID, sport_ID) values ('mario.christensen423@mail.com', 'Mario', 'Christensen', '092115276331', '1990-2-9', 'm', 2, 1, 4, 11);
insert into members_info (email, first_name, last_name, phone_number, birthday, gender, membership_type_ID, duration_group_ID, role_ID, sport_ID) values ('robert.tran435@mail.com', 'Robert', 'Tran', '036236042840', '1940-6-17', 'm', 1, 1, 4, 12);
insert into members_info (email, first_name, last_name, phone_number, birthday, gender, membership_type_ID, duration_group_ID, role_ID, sport_ID) values ('noel.barrett619@mail.com', 'Noel', 'Barrett', '008859368792', '1983-4-25', 'm', 2, 4, 4, 5);
insert into members_info (email, first_name, last_name, phone_number, birthday, gender, membership_type_ID, duration_group_ID, role_ID, sport_ID) values ('roddy.wheeler633@mail.com', 'Roddy', 'Wheeler', '051454117622', '1981-1-4', 'm', 1, 3, 4, 2);
insert into members_info (email, first_name, last_name, phone_number, birthday, gender, membership_type_ID, duration_group_ID, role_ID, sport_ID) values ('oliver.marsh617@mail.com', 'Oliver', 'Marsh', '060390026569', '1984-2-27', 'm', 1, 3, 4, 7);
insert into members_info (email, first_name, last_name, phone_number, birthday, gender, membership_type_ID, duration_group_ID, role_ID, sport_ID) values ('adrian.klein710@mail.com', 'Adrian', 'Klein', '096784196326', '2016-11-22', 'm', 1, 3, 4, 11);
insert into members_info (email, first_name, last_name, phone_number, birthday, gender, membership_type_ID, duration_group_ID, role_ID, sport_ID) values ('dennis.wells379@mail.com', 'Dennis', 'Wells', '072597020517', '1957-2-22', 'm', 1, 2, 4, 13);
insert into members_info (email, first_name, last_name, phone_number, birthday, gender, membership_type_ID, duration_group_ID, role_ID, sport_ID) values ('iain.mccormick847@mail.com', 'Iain', 'Mccormick', '099255341020', '2012-12-12', 'm', 1, 3, 4, 5);
insert into members_info (email, first_name, last_name, phone_number, birthday, gender, membership_type_ID, duration_group_ID, role_ID, sport_ID) values ('morgan.sanchez707@mail.com', 'Morgan', 'Sanchez', '019411508011', '2017-5-22', 'm', 1, 4, 4, 13);
insert into members_info (email, first_name, last_name, phone_number, birthday, gender, membership_type_ID, duration_group_ID, role_ID, sport_ID) values ('andrea.schultz950@mail.com', 'Andrea', 'Schultz', '045483000105', '1933-8-16', 'm', 1, 3, 4, 10);
insert into members_info (email, first_name, last_name, phone_number, birthday, gender, membership_type_ID, duration_group_ID, role_ID, sport_ID) values ('miriam.byrd991@mail.com', 'Miriam', 'Byrd', '025939598504', '1990-8-17', 'f', 1, 2, 4, 10);
insert into members_info (email, first_name, last_name, phone_number, birthday, gender, membership_type_ID, duration_group_ID, role_ID, sport_ID) values ('debbie.williams836@mail.com', 'Debbie', 'Williams', '056425790341', '1934-10-17', 'f', 2, 3, 4, 10);
insert into members_info (email, first_name, last_name, phone_number, birthday, gender, membership_type_ID, duration_group_ID, role_ID, sport_ID) values ('cindy.potter594@mail.com', 'Cindy', 'Potter', '031652430025', '1993-1-13', 'f', 1, 2, 4, 10);
insert into members_info (email, first_name, last_name, phone_number, birthday, gender, membership_type_ID, duration_group_ID, role_ID, sport_ID) values ('wendy.frank111@mail.com', 'Wendy', 'Frank', '034428770646', '1946-11-3', 'f', 2, 3, 4, 10);
insert into members_info (email, first_name, last_name, phone_number, birthday, gender, membership_type_ID, duration_group_ID, role_ID, sport_ID) values ('colette.murray217@mail.com', 'Colette', 'Murray', '030219752894', '2009-10-26', 'f', 1, 4, 4, 10);
insert into members_info (email, first_name, last_name, phone_number, birthday, gender, membership_type_ID, duration_group_ID, role_ID, sport_ID) values ('claudia.lucas400@mail.com', 'Claudia', 'Lucas', '078477689142', '1987-10-1', 'f', 2, 1, 4, 10);
insert into members_info (email, first_name, last_name, phone_number, birthday, gender, membership_type_ID, duration_group_ID, role_ID, sport_ID) values ('roseann.johnston961@mail.com', 'Roseann', 'Johnston', '056110734615', '1960-1-13', 'f', 1, 3, 4, 10);
insert into members_info (email, first_name, last_name, phone_number, birthday, gender, membership_type_ID, duration_group_ID, role_ID, sport_ID) values ('donna.washington686@mail.com', 'Donna', 'Washington', '097615104305', '1952-9-9', 'f', 1, 1, 4, 10);
insert into members_info (email, first_name, last_name, phone_number, birthday, gender, membership_type_ID, duration_group_ID, role_ID, sport_ID) values ('nadine.carson59@mail.com', 'Nadine', 'Carson', '023197009617', '1975-3-11', 'f', 2, 2, 4, 10);
insert into members_info (email, first_name, last_name, phone_number, birthday, gender, membership_type_ID, duration_group_ID, role_ID, sport_ID) values ('marlyn.barnes537@mail.com', 'Marlyn', 'Barnes', '042625941045', '2015-7-24', 'f', 1, 2, 4, 10);
insert into members_info (email, first_name, last_name, phone_number, birthday, gender, membership_type_ID, duration_group_ID, role_ID, sport_ID) values ('marion.warner560@mail.com', 'Marion', 'Warner', '072639913800', '1979-9-3', 'f', 1, 2, 4, 10);
insert into members_info (email, first_name, last_name, phone_number, birthday, gender, membership_type_ID, duration_group_ID, role_ID, sport_ID) values ('cheryl.hodges784@mail.com', 'Cheryl', 'Hodges', '002296484726', '1957-6-17', 'f', 2, 2, 4, 10);
insert into members_info (email, first_name, last_name, phone_number, birthday, gender, membership_type_ID, duration_group_ID, role_ID, sport_ID) values ('caren.grant518@mail.com', 'Caren', 'Grant', '003196528222', '1986-5-7', 'f', 1, 3, 4, 10);
insert into members_info (email, first_name, last_name, phone_number, birthday, gender, membership_type_ID, duration_group_ID, role_ID, sport_ID) values ('samantha.barnett592@mail.com', 'Samantha', 'Barnett', '061270669234', '1951-3-11', 'f', 1, 3, 4, 10);
insert into members_info (email, first_name, last_name, phone_number, birthday, gender, membership_type_ID, duration_group_ID, role_ID, sport_ID) values ('edith.lane860@mail.com', 'Edith', 'Lane', '002537219210', '1937-3-13', 'f', 1, 2, 4, 10);
insert into members_info (email, first_name, last_name, phone_number, birthday, gender, membership_type_ID, duration_group_ID, role_ID, sport_ID) values ('gina.zhang335@mail.com', 'Gina', 'Zhang', '022676148519', '1976-3-13', 'f', 2, 2, 4, 10);
insert into members_info (email, first_name, last_name, phone_number, birthday, gender, membership_type_ID, duration_group_ID, role_ID, sport_ID) values ('catriona.floyd142@mail.com', 'Catriona', 'Floyd', '007373016613', '1965-6-18', 'f', 2, 3, 4, 10);
insert into members_info (email, first_name, last_name, phone_number, birthday, gender, membership_type_ID, duration_group_ID, role_ID, sport_ID) values ('debra.morrow237@mail.com', 'Debra', 'Morrow', '057959011655', '1964-4-27', 'f', 2, 4, 4, 10);
insert into members_info (email, first_name, last_name, phone_number, birthday, gender, membership_type_ID, duration_group_ID, role_ID, sport_ID) values ('kara.lang259@mail.com', 'Kara', 'Lang', '064568587334', '1943-6-19', 'f', 2, 4, 4, 10);
insert into members_info (email, first_name, last_name, phone_number, birthday, gender, membership_type_ID, duration_group_ID, role_ID, sport_ID) values ('hazel.reid273@mail.com', 'Hazel', 'Reid', '063056350285', '1964-3-4', 'f', 1, 1, 4, 10);
insert into members_info (email, first_name, last_name, phone_number, birthday, gender, membership_type_ID, duration_group_ID, role_ID, sport_ID) values ('jeanette.wade145@mail.com', 'Jeanette', 'Wade', '031456822486', '1979-9-18', 'f', 1, 2, 4, 10);
insert into members_info (email, first_name, last_name, phone_number, birthday, gender, membership_type_ID, duration_group_ID, role_ID, sport_ID) values ('carla.cole585@mail.com', 'Carla', 'Cole', '071934269939', '1991-6-14', 'f', 1, 2, 4, 10);
insert into members_info (email, first_name, last_name, phone_number, birthday, gender, membership_type_ID, duration_group_ID, role_ID, sport_ID) values ('theresa.lang194@mail.com', 'Theresa', 'Lang', '034243373117', '1971-9-7', 'f', 1, 2, 4, 10);
insert into members_info (email, first_name, last_name, phone_number, birthday, gender, membership_type_ID, duration_group_ID, role_ID, sport_ID) values ('irene.kim692@mail.com', 'Irene', 'Kim', '050003600144', '1937-1-3', 'f', 2, 2, 4, 10);
insert into members_info (email, first_name, last_name, phone_number, birthday, gender, membership_type_ID, duration_group_ID, role_ID, sport_ID) values ('charlotte.black374@mail.com', 'Charlotte', 'Black', '041579886049', '1975-12-18', 'f', 1, 2, 4, 10);
insert into members_info (email, first_name, last_name, phone_number, birthday, gender, membership_type_ID, duration_group_ID, role_ID, sport_ID) values ('marjorie.vaughn694@mail.com', 'Marjorie', 'Vaughn', '028533454683', '1954-10-18', 'f', 2, 3, 4, 10);
insert into members_info (email, first_name, last_name, phone_number, birthday, gender, membership_type_ID, duration_group_ID, role_ID, sport_ID) values ('johanne.garza609@mail.com', 'Johanne', 'Garza', '063116585502', '1956-11-15', 'f', 1, 3, 4, 10);
insert into members_info (email, first_name, last_name, phone_number, birthday, gender, membership_type_ID, duration_group_ID, role_ID, sport_ID) values ('carol.dean43@mail.com', 'Carol', 'Dean', '092613253817', '1933-9-12', 'f', 1, 1, 4, 10);
insert into members_info (email, first_name, last_name, phone_number, birthday, gender, membership_type_ID, duration_group_ID, role_ID, sport_ID) values ('gayle.crawford438@mail.com', 'Gayle', 'Crawford', '056741072611', '1974-4-11', 'f', 2, 1, 4, 10);
insert into members_info (email, first_name, last_name, phone_number, birthday, gender, membership_type_ID, duration_group_ID, role_ID, sport_ID) values ('kirsten.underwood311@mail.com', 'Kirsten', 'Underwood', '011875010179', '1951-5-5', 'f', 2, 2, 4, 10);
insert into members_info (email, first_name, last_name, phone_number, birthday, gender, membership_type_ID, duration_group_ID, role_ID, sport_ID) values ('caroline.ortega321@mail.com', 'Caroline', 'Ortega', '049338397209', '1965-6-6', 'f', 1, 2, 4, 10);
insert into members_info (email, first_name, last_name, phone_number, birthday, gender, membership_type_ID, duration_group_ID, role_ID, sport_ID) values ('candice.black34@mail.com', 'Candice', 'Black', '031208897564', '1965-11-25', 'f', 1, 3, 4, 10);
insert into members_info (email, first_name, last_name, phone_number, birthday, gender, membership_type_ID, duration_group_ID, role_ID, sport_ID) values ('brenda.patterson268@mail.com', 'Brenda', 'Patterson', '096777572628', '1963-5-22', 'f', 2, 4, 4, 10);
insert into members_info (email, first_name, last_name, phone_number, birthday, gender, membership_type_ID, duration_group_ID, role_ID, sport_ID) values ('june.charles278@mail.com', 'June', 'Charles', '021512127340', '1938-3-22', 'f', 2, 3, 4, 10);
insert into members_info (email, first_name, last_name, phone_number, birthday, gender, membership_type_ID, duration_group_ID, role_ID, sport_ID) values ('teri.marshall163@mail.com', 'Teri', 'Marshall', '086119976296', '2017-11-1', 'f', 2, 2, 4, 10);
insert into members_info (email, first_name, last_name, phone_number, birthday, gender, membership_type_ID, duration_group_ID, role_ID, sport_ID) values ('diana.carrillo614@mail.com', 'Diana', 'Carrillo', '035784098973', '1933-10-1', 'f', 1, 3, 4, 10);
insert into members_info (email, first_name, last_name, phone_number, birthday, gender, membership_type_ID, duration_group_ID, role_ID, sport_ID) values ('martha.dunn434@mail.com', 'Martha', 'Dunn', '019673630531', '2000-1-13', 'f', 1, 2, 4, 10);
insert into members_info (email, first_name, last_name, phone_number, birthday, gender, membership_type_ID, duration_group_ID, role_ID, sport_ID) values ('lyn.elliott962@mail.com', 'Lyn', 'Elliott', '092632675503', '1987-1-27', 'f', 1, 2, 4, 10);
insert into members_info (email, first_name, last_name, phone_number, birthday, gender, membership_type_ID, duration_group_ID, role_ID, sport_ID) values ('christina.aguilar844@mail.com', 'Christina', 'Aguilar', '037206134435', '1986-9-1', 'f', 1, 1, 4, 10);
insert into members_info (email, first_name, last_name, phone_number, birthday, gender, membership_type_ID, duration_group_ID, role_ID, sport_ID) values ('gail.hill493@mail.com', 'Gail', 'Hill', '019913454755', '1977-3-7', 'f', 1, 3, 4, 10);
insert into members_info (email, first_name, last_name, phone_number, birthday, gender, membership_type_ID, duration_group_ID, role_ID, sport_ID) values ('lynsay.warner590@mail.com', 'Lynsay', 'Warner', '094805299402', '1934-4-17', 'f', 2, 1, 4, 10);
insert into members_info (email, first_name, last_name, phone_number, birthday, gender, membership_type_ID, duration_group_ID, role_ID, sport_ID) values ('suzanne.walters712@mail.com', 'Suzanne', 'Walters', '030432623202', '1996-10-13', 'f', 2, 1, 4, 10);
insert into members_info (email, first_name, last_name, phone_number, birthday, gender, membership_type_ID, duration_group_ID, role_ID, sport_ID) values ('aimee.greer607@mail.com', 'Aimee', 'Greer', '009084791176', '1992-6-2', 'f', 1, 2, 4, 10);
insert into members_info (email, first_name, last_name, phone_number, birthday, gender, membership_type_ID, duration_group_ID, role_ID, sport_ID) values ('morag.goodman621@mail.com', 'Morag', 'Goodman', '012528698960', '1948-9-27', 'f', 1, 1, 4, 10);
insert into members_info (email, first_name, last_name, phone_number, birthday, gender, membership_type_ID, duration_group_ID, role_ID, sport_ID) values ('esther.trevino535@mail.com', 'Esther', 'Trevino', '097258772053', '2009-8-19', 'f', 1, 2, 4, 10);
insert into members_info (email, first_name, last_name, phone_number, birthday, gender, membership_type_ID, duration_group_ID, role_ID, sport_ID) values ('sandra.todd109@mail.com', 'Sandra', 'Todd', '040103974016', '1952-4-20', 'f', 1, 3, 4, 10);
insert into members_info (email, first_name, last_name, phone_number, birthday, gender, membership_type_ID, duration_group_ID, role_ID, sport_ID) values ('catherine.maldonado523@mail.com', 'Catherine', 'Maldonado', '019253269591', '2002-3-18', 'f', 1, 3, 4, 10);
insert into members_info (email, first_name, last_name, phone_number, birthday, gender, membership_type_ID, duration_group_ID, role_ID, sport_ID) values ('tessa.tran687@mail.com', 'Tessa', 'Tran', '045325084662', '2007-11-18', 'f', 1, 3, 4, 10);
insert into members_info (email, first_name, last_name, phone_number, birthday, gender, membership_type_ID, duration_group_ID, role_ID, sport_ID) values ('edith.mcguire589@mail.com', 'Edith', 'Mcguire', '067215901404', '1998-3-19', 'f', 1, 2, 4, 10);
insert into members_info (email, first_name, last_name, phone_number, birthday, gender, membership_type_ID, duration_group_ID, role_ID, sport_ID) values ('carolann.cobb570@mail.com', 'Carolann', 'Cobb', '002763300708', '1948-8-23', 'f', 2, 2, 4, 10);
insert into members_info (email, first_name, last_name, phone_number, birthday, gender, membership_type_ID, duration_group_ID, role_ID, sport_ID) values ('lara.lozano915@mail.com', 'Lara', 'Lozano', '091844879779', '1946-11-22', 'f', 1, 3, 4, 10);
insert into members_info (email, first_name, last_name, phone_number, birthday, gender, membership_type_ID, duration_group_ID, role_ID, sport_ID) values ('helena.goodman811@mail.com', 'Helena', 'Goodman', '002469890857', '1981-6-19', 'f', 1, 3, 4, 10);
insert into members_info (email, first_name, last_name, phone_number, birthday, gender, membership_type_ID, duration_group_ID, role_ID, sport_ID) values ('karen.delgado674@mail.com', 'Karen', 'Delgado', '084162236188', '2018-4-19', 'f', 1, 2, 4, 10);
insert into members_info (email, first_name, last_name, phone_number, birthday, gender, membership_type_ID, duration_group_ID, role_ID, sport_ID) values ('kate.pratt252@mail.com', 'Kate', 'Pratt', '055023731977', '1981-11-13', 'f', 1, 2, 4, 10);
insert into members_info (email, first_name, last_name, phone_number, birthday, gender, membership_type_ID, duration_group_ID, role_ID, sport_ID) values ('alison.franklin939@mail.com', 'Alison', 'Franklin', '073482937435', '1980-12-4', 'f', 1, 2, 4, 10);
insert into members_info (email, first_name, last_name, phone_number, birthday, gender, membership_type_ID, duration_group_ID, role_ID, sport_ID) values ('janette.fields40@mail.com', 'Janette', 'Fields', '007023473205', '1986-3-11', 'f', 1, 2, 4, 10);
insert into members_info (email, first_name, last_name, phone_number, birthday, gender, membership_type_ID, duration_group_ID, role_ID, sport_ID) values ('marisa.wood910@mail.com', 'Marisa', 'Wood', '068507108788', '2005-2-20', 'f', 2, 2, 4, 10);
insert into members_info (email, first_name, last_name, phone_number, birthday, gender, membership_type_ID, duration_group_ID, role_ID, sport_ID) values ('moira.ball177@mail.com', 'Moira', 'Ball', '043851053885', '1934-6-2', 'f', 2, 1, 4, 10);
insert into members_info (email, first_name, last_name, phone_number, birthday, gender, membership_type_ID, duration_group_ID, role_ID, sport_ID) values ('amelia.hammond597@mail.com', 'Amelia', 'Hammond', '059880691805', '2010-5-6', 'f', 2, 2, 4, 10);
insert into members_info (email, first_name, last_name, phone_number, birthday, gender, membership_type_ID, duration_group_ID, role_ID, sport_ID) values ('cindy.ballard605@mail.com', 'Cindy', 'Ballard', '022125441548', '1993-6-10', 'f', 1, 2, 4, 10);
insert into members_info (email, first_name, last_name, phone_number, birthday, gender, membership_type_ID, duration_group_ID, role_ID, sport_ID) values ('kerrie.nicholson652@mail.com', 'Kerrie', 'Nicholson', '061800813565', '1990-2-6', 'f', 2, 1, 4, 10);
insert into members_info (email, first_name, last_name, phone_number, birthday, gender, membership_type_ID, duration_group_ID, role_ID, sport_ID) values ('evelyn.meyer939@mail.com', 'Evelyn', 'Meyer', '001735955090', '2003-6-18', 'f', 1, 2, 4, 10);
insert into members_info (email, first_name, last_name, phone_number, birthday, gender, membership_type_ID, duration_group_ID, role_ID, sport_ID) values ('theresa.gregory593@mail.com', 'Theresa', 'Gregory', '087598273416', '2012-6-21', 'f', 2, 1, 4, 10);
insert into members_info (email, first_name, last_name, phone_number, birthday, gender, membership_type_ID, duration_group_ID, role_ID, sport_ID) values ('moira.butler457@mail.com', 'Moira', 'Butler', '001070046557', '1958-8-5', 'f', 1, 3, 4, 10);
insert into members_info (email, first_name, last_name, phone_number, birthday, gender, membership_type_ID, duration_group_ID, role_ID, sport_ID) values ('gillian.hansen665@mail.com', 'Gillian', 'Hansen', '074774320585', '1943-8-26', 'f', 1, 4, 4, 10);
insert into members_info (email, first_name, last_name, phone_number, birthday, gender, membership_type_ID, duration_group_ID, role_ID, sport_ID) values ('nicola.mitchell920@mail.com', 'Nicola', 'Mitchell', '025795345635', '1955-7-1', 'f', 1, 4, 4, 10);
insert into members_info (email, first_name, last_name, phone_number, birthday, gender, membership_type_ID, duration_group_ID, role_ID, sport_ID) values ('jayne.patterson728@mail.com', 'Jayne', 'Patterson', '006780719638', '1979-8-27', 'f', 1, 3, 4, 10);
insert into members_info (email, first_name, last_name, phone_number, birthday, gender, membership_type_ID, duration_group_ID, role_ID, sport_ID) values ('keri.sullivan694@mail.com', 'Keri', 'Sullivan', '030581833997', '1934-8-14', 'f', 1, 1, 4, 10);
insert into members_info (email, first_name, last_name, phone_number, birthday, gender, membership_type_ID, duration_group_ID, role_ID, sport_ID) values ('stephanie.reynolds502@mail.com', 'Stephanie', 'Reynolds', '024134528483', '1966-8-12', 'f', 1, 3, 4, 10);
insert into members_info (email, first_name, last_name, phone_number, birthday, gender, membership_type_ID, duration_group_ID, role_ID, sport_ID) values ('tara.huang833@mail.com', 'Tara', 'Huang', '092718446824', '1936-12-1', 'f', 1, 3, 4, 10);
insert into members_info (email, first_name, last_name, phone_number, birthday, gender, membership_type_ID, duration_group_ID, role_ID, sport_ID) values ('cecilia.burns937@mail.com', 'Cecilia', 'Burns', '038632574824', '1967-12-19', 'f', 1, 1, 4, 10);
insert into members_info (email, first_name, last_name, phone_number, birthday, gender, membership_type_ID, duration_group_ID, role_ID, sport_ID) values ('carrie.cardenas300@mail.com', 'Carrie', 'Cardenas', '037755039682', '1997-5-4', 'f', 1, 3, 4, 10);
insert into members_info (email, first_name, last_name, phone_number, birthday, gender, membership_type_ID, duration_group_ID, role_ID, sport_ID) values ('jillian.ramsey75@mail.com', 'Jillian', 'Ramsey', '084475159336', '1931-9-13', 'f', 1, 3, 4, 10);
insert into members_info (email, first_name, last_name, phone_number, birthday, gender, membership_type_ID, duration_group_ID, role_ID, sport_ID) values ('tara.osborne433@mail.com', 'Tara', 'Osborne', '060376513760', '1958-10-5', 'f', 1, 4, 4, 10);
insert into members_info (email, first_name, last_name, phone_number, birthday, gender, membership_type_ID, duration_group_ID, role_ID, sport_ID) values ('elspeth.patterson892@mail.com', 'Elspeth', 'Patterson', '084370170373', '1933-3-26', 'f', 1, 4, 4, 10);
insert into members_info (email, first_name, last_name, phone_number, birthday, gender, membership_type_ID, duration_group_ID, role_ID, sport_ID) values ('charlotte.hodges642@mail.com', 'Charlotte', 'Hodges', '024819210644', '2016-4-18', 'f', 1, 1, 4, 10);
insert into members_info (email, first_name, last_name, phone_number, birthday, gender, membership_type_ID, duration_group_ID, role_ID, sport_ID) values ('carolyne.jones814@mail.com', 'Carolyne', 'Jones', '069507445793', '1978-9-2', 'f', 2, 3, 4, 10);
insert into members_info (email, first_name, last_name, phone_number, birthday, gender, membership_type_ID, duration_group_ID, role_ID, sport_ID) values ('paulene.salinas743@mail.com', 'Paulene', 'Salinas', '037367903588', '1941-7-13', 'f', 1, 2, 4, 10);
insert into members_info (email, first_name, last_name, phone_number, birthday, gender, membership_type_ID, duration_group_ID, role_ID, sport_ID) values ('erica.velasquez182@mail.com', 'Erica', 'Velasquez', '082794719035', '1938-10-11', 'f', 1, 3, 4, 10);
insert into members_info (email, first_name, last_name, phone_number, birthday, gender, membership_type_ID, duration_group_ID, role_ID, sport_ID) values ('eilidh.solis32@mail.com', 'Eilidh', 'Solis', '000948007169', '1930-5-13', 'f', 2, 2, 4, 10);
insert into members_info (email, first_name, last_name, phone_number, birthday, gender, membership_type_ID, duration_group_ID, role_ID, sport_ID) values ('vivian.floyd65@mail.com', 'Vivian', 'Floyd', '076341603485', '1946-8-22', 'f', 2, 3, 4, 10);
insert into members_info (email, first_name, last_name, phone_number, birthday, gender, membership_type_ID, duration_group_ID, role_ID, sport_ID) values ('carolanne.silva320@mail.com', 'Carolanne', 'Silva', '045037986514', '1941-10-2', 'f', 2, 3, 4, 10);
insert into members_info (email, first_name, last_name, phone_number, birthday, gender, membership_type_ID, duration_group_ID, role_ID, sport_ID) values ('fiona.wong425@mail.com', 'Fiona', 'Wong', '052830009889', '1932-10-19', 'f', 2, 2, 4, 10);
insert into members_info (email, first_name, last_name, phone_number, birthday, gender, membership_type_ID, duration_group_ID, role_ID, sport_ID) values ('janine.martinez758@mail.com', 'Janine', 'Martinez', '014978464568', '2008-8-20', 'f', 1, 2, 4, 10);
insert into members_info (email, first_name, last_name, phone_number, birthday, gender, membership_type_ID, duration_group_ID, role_ID, sport_ID) values ('louise.guerrero601@mail.com', 'Louise', 'Guerrero', '046183234120', '2018-6-8', 'f', 1, 2, 4, 10);
insert into members_info (email, first_name, last_name, phone_number, birthday, gender, membership_type_ID, duration_group_ID, role_ID, sport_ID) values ('carol-ann.cole456@mail.com', 'Carol-Ann', 'Cole', '084026253050', '2010-1-27', 'f', 1, 2, 4, 10);
insert into members_info (email, first_name, last_name, phone_number, birthday, gender, membership_type_ID, duration_group_ID, role_ID, sport_ID) values ('catherine.ali525@mail.com', 'Catherine', 'Ali', '026781470167', '2020-2-15', 'f', 2, 3, 4, 10);
insert into members_info (email, first_name, last_name, phone_number, birthday, gender, membership_type_ID, duration_group_ID, role_ID, sport_ID) values ('eva.castro964@mail.com', 'Eva', 'Castro', '041550012406', '1949-4-25', 'f', 1, 3, 4, 10);
insert into members_info (email, first_name, last_name, phone_number, birthday, gender, membership_type_ID, duration_group_ID, role_ID, sport_ID) values ('debra.gardner239@mail.com', 'Debra', 'Gardner', '014282266888', '2020-3-12', 'f', 1, 3, 4, 10);
insert into members_info (email, first_name, last_name, phone_number, birthday, gender, membership_type_ID, duration_group_ID, role_ID, sport_ID) values ('rosalind.collier740@mail.com', 'Rosalind', 'Collier', '054569015708', '1968-5-12', 'f', 1, 3, 4, 10);
insert into members_info (email, first_name, last_name, phone_number, birthday, gender, membership_type_ID, duration_group_ID, role_ID, sport_ID) values ('ingrid.martin397@mail.com', 'Ingrid', 'Martin', '055120650981', '1984-10-17', 'f', 1, 3, 4, 10);
insert into members_info (email, first_name, last_name, phone_number, birthday, gender, membership_type_ID, duration_group_ID, role_ID, sport_ID) values ('marion.hicks633@mail.com', 'Marion', 'Hicks', '093440342085', '1931-10-27', 'f', 1, 2, 4, 10);
insert into members_info (email, first_name, last_name, phone_number, birthday, gender, membership_type_ID, duration_group_ID, role_ID, sport_ID) values ('karen.pierce610@mail.com', 'Karen', 'Pierce', '082575362067', '1993-3-8', 'f', 1, 3, 4, 10);
insert into members_info (email, first_name, last_name, phone_number, birthday, gender, membership_type_ID, duration_group_ID, role_ID, sport_ID) values ('corrine.ballard65@mail.com', 'Corrine', 'Ballard', '090400343342', '2006-7-6', 'f', 2, 1, 4, 10);
insert into members_info (email, first_name, last_name, phone_number, birthday, gender, membership_type_ID, duration_group_ID, role_ID, sport_ID) values ('gina.matthews832@mail.com', 'Gina', 'Matthews', '061070409151', '2018-11-21', 'f', 1, 3, 4, 10);
insert into members_info (email, first_name, last_name, phone_number, birthday, gender, membership_type_ID, duration_group_ID, role_ID, sport_ID) values ('michele.phillips461@mail.com', 'Michele', 'Phillips', '001900892610', '1957-10-21', 'f', 1, 3, 4, 10);
insert into members_info (email, first_name, last_name, phone_number, birthday, gender, membership_type_ID, duration_group_ID, role_ID, sport_ID) values ('pamela.burnett790@mail.com', 'Pamela', 'Burnett', '044944272282', '1984-2-10', 'f', 2, 1, 4, 10);
insert into members_info (email, first_name, last_name, phone_number, birthday, gender, membership_type_ID, duration_group_ID, role_ID, sport_ID) values ('anna.stevens411@mail.com', 'Anna', 'Stevens', '043473167522', '2013-11-25', 'f', 1, 1, 4, 10);
insert into members_info (email, first_name, last_name, phone_number, birthday, gender, membership_type_ID, duration_group_ID, role_ID, sport_ID) values ('tania.weiss305@mail.com', 'Tania', 'Weiss', '072910865771', '1992-4-24', 'f', 1, 2, 4, 10);
insert into members_info (email, first_name, last_name, phone_number, birthday, gender, membership_type_ID, duration_group_ID, role_ID, sport_ID) values ('antonia.maxwell36@mail.com', 'Antonia', 'Maxwell', '088184667732', '1934-4-3', 'f', 1, 4, 4, 10);