insert into age_groups (age_group_ID, age_group_name, discount) values (1, 'kids', 50);
insert into age_groups (age_group_ID, age_group_name, discount) values (2, 'teenagers', 30);
insert into age_groups (age_group_ID, age_group_name, discount) values (3, 'adults', 0);
insert into age_groups (age_group_ID, age_group_name, discount) values (4, 'seniors', 20);

insert into sports (sport_ID, sport_name, sport_type, professionalism_ID) values (1, 'soccer', 'team', 1);
insert into sports (sport_ID, sport_name, sport_type, professionalism_ID) values (2, 'soccer', 'team', 2);
insert into sports (sport_ID, sport_name, sport_type, professionalism_ID) values (3, 'tennis', 'single', 1);
insert into sports (sport_ID, sport_name, sport_type, professionalism_ID) values (4, 'tennis', 'single', 2);
insert into sports (sport_ID, sport_name, sport_type, professionalism_ID) values (5, 'volleyball', 'team', 1);
insert into sports (sport_ID, sport_name, sport_type, professionalism_ID) values (6, 'volleyball', 'team', 2);
insert into sports (sport_ID, sport_name, sport_type, professionalism_ID) values (7, 'gymnastics', 'single', 1);
insert into sports (sport_ID, sport_name, sport_type, professionalism_ID) values (8, 'gymnastics', 'single', 2);
insert into sports (sport_ID, sport_name, sport_type, professionalism_ID) values (9, 'handball', 'team', 1);
insert into sports (sport_ID, sport_name, sport_type, professionalism_ID) values (10, 'handball', 'team', 2);
insert into sports (sport_ID, sport_name, sport_type, professionalism_ID) values (11, 'swimming', 'single', 1);
insert into sports (sport_ID, sport_name, sport_type, professionalism_ID) values (12, 'swimming', 'single', 2);

insert into professionalisms (professionalism_ID, prof_name, discount) values (1, 'professional', 50);
insert into professionalisms (professionalism_ID, prof_name, discount) values (2, 'hobby', 0);

insert into roles (role_ID, role_name, all_rights, most_rights, some_rights) values (1, 'admin', TRUE, FALSE, FALSE);
insert into roles (role_ID, role_name, all_rights, most_rights, some_rights) values (2, 'president', FALSE, TRUE, FALSE);
insert into roles (role_ID, role_name, all_rights, most_rights, some_rights) values (3, 'chairman', FALSE, FALSE, TRUE);
insert into roles (role_ID, role_name, all_rights, most_rights, some_rights) values (4, 'regular', FALSE, FALSE, FALSE);


insert into duration_groups (duration_group_ID, duration_group_name, discount) values (1, 'newbies', 0);
insert into duration_groups (duration_group_ID, duration_group_name, discount) values (2, 'regulars', 10);
insert into duration_groups (duration_group_ID, duration_group_name, discount) values (3, 'longtimers', 20);
insert into duration_groups (duration_group_ID, duration_group_name, discount) values (4, 'legends', 30);

insert into memberships (membership_type_ID, membership_name, price) values (1, 'active', 120);
insert into memberships (membership_type_ID, membership_name, price) values (2, 'passive', 50);

insert into members_sports (member_ID, sport_ID) values (1, 1);
insert into members_sports (member_ID, sport_ID) values (2, 4);
insert into members_sports (member_ID, sport_ID) values (3, 4);
insert into members_sports (member_ID, sport_ID) values (4, 8);
insert into members_sports (member_ID, sport_ID) values (5, 9);
insert into members_sports (member_ID, sport_ID) values (6, 10);
insert into members_sports (member_ID, sport_ID) values (7, 6);
insert into members_sports (member_ID, sport_ID) values (8, 3);
insert into members_sports (member_ID, sport_ID) values (9, 8);
insert into members_sports (member_ID, sport_ID) values (10, 5);
insert into members_sports (member_ID, sport_ID) values (11, 8);
insert into members_sports (member_ID, sport_ID) values (12, 12);
insert into members_sports (member_ID, sport_ID) values (13, 4);
insert into members_sports (member_ID, sport_ID) values (14, 7);
insert into members_sports (member_ID, sport_ID) values (15, 6);
insert into members_sports (member_ID, sport_ID) values (16, 2);
insert into members_sports (member_ID, sport_ID) values (17, 11);
insert into members_sports (member_ID, sport_ID) values (18, 5);
insert into members_sports (member_ID, sport_ID) values (19, 1);
insert into members_sports (member_ID, sport_ID) values (20, 11);
insert into members_sports (member_ID, sport_ID) values (21, 5);
insert into members_sports (member_ID, sport_ID) values (22, 3);
insert into members_sports (member_ID, sport_ID) values (23, 6);
insert into members_sports (member_ID, sport_ID) values (24, 6);
insert into members_sports (member_ID, sport_ID) values (25, 3);
insert into members_sports (member_ID, sport_ID) values (26, 1);
insert into members_sports (member_ID, sport_ID) values (27, 7);
insert into members_sports (member_ID, sport_ID) values (28, 4);
insert into members_sports (member_ID, sport_ID) values (29, 10);
insert into members_sports (member_ID, sport_ID) values (30, 8);
insert into members_sports (member_ID, sport_ID) values (31, 1);
insert into members_sports (member_ID, sport_ID) values (32, 1);
insert into members_sports (member_ID, sport_ID) values (33, 5);
insert into members_sports (member_ID, sport_ID) values (34, 6);
insert into members_sports (member_ID, sport_ID) values (35, 1);
insert into members_sports (member_ID, sport_ID) values (36, 9);
insert into members_sports (member_ID, sport_ID) values (37, 7);
insert into members_sports (member_ID, sport_ID) values (38, 12);
insert into members_sports (member_ID, sport_ID) values (39, 6);
insert into members_sports (member_ID, sport_ID) values (40, 2);
insert into members_sports (member_ID, sport_ID) values (41, 1);
insert into members_sports (member_ID, sport_ID) values (42, 3);
insert into members_sports (member_ID, sport_ID) values (43, 11);
insert into members_sports (member_ID, sport_ID) values (44, 10);
insert into members_sports (member_ID, sport_ID) values (45, 10);
insert into members_sports (member_ID, sport_ID) values (46, 7);
insert into members_sports (member_ID, sport_ID) values (47, 11);
insert into members_sports (member_ID, sport_ID) values (48, 7);
insert into members_sports (member_ID, sport_ID) values (49, 4);
insert into members_sports (member_ID, sport_ID) values (50, 12);
insert into members_sports (member_ID, sport_ID) values (51, 11);
insert into members_sports (member_ID, sport_ID) values (52, 12);
insert into members_sports (member_ID, sport_ID) values (53, 8);
insert into members_sports (member_ID, sport_ID) values (54, 6);
insert into members_sports (member_ID, sport_ID) values (55, 12);
insert into members_sports (member_ID, sport_ID) values (56, 11);
insert into members_sports (member_ID, sport_ID) values (57, 10);
insert into members_sports (member_ID, sport_ID) values (58, 6);
insert into members_sports (member_ID, sport_ID) values (59, 9);
insert into members_sports (member_ID, sport_ID) values (60, 12);
insert into members_sports (member_ID, sport_ID) values (61, 8);
insert into members_sports (member_ID, sport_ID) values (62, 2);
insert into members_sports (member_ID, sport_ID) values (63, 8);
insert into members_sports (member_ID, sport_ID) values (64, 9);
insert into members_sports (member_ID, sport_ID) values (65, 8);
insert into members_sports (member_ID, sport_ID) values (66, 10);
insert into members_sports (member_ID, sport_ID) values (67, 3);
insert into members_sports (member_ID, sport_ID) values (68, 1);
insert into members_sports (member_ID, sport_ID) values (69, 2);
insert into members_sports (member_ID, sport_ID) values (70, 9);
insert into members_sports (member_ID, sport_ID) values (71, 5);
insert into members_sports (member_ID, sport_ID) values (72, 4);
insert into members_sports (member_ID, sport_ID) values (73, 7);
insert into members_sports (member_ID, sport_ID) values (74, 8);
insert into members_sports (member_ID, sport_ID) values (75, 10);
insert into members_sports (member_ID, sport_ID) values (76, 10);
insert into members_sports (member_ID, sport_ID) values (77, 4);
insert into members_sports (member_ID, sport_ID) values (78, 8);
insert into members_sports (member_ID, sport_ID) values (79, 12);
insert into members_sports (member_ID, sport_ID) values (80, 9);
insert into members_sports (member_ID, sport_ID) values (81, 4);
insert into members_sports (member_ID, sport_ID) values (82, 11);
insert into members_sports (member_ID, sport_ID) values (83, 10);
insert into members_sports (member_ID, sport_ID) values (84, 11);
insert into members_sports (member_ID, sport_ID) values (85, 2);
insert into members_sports (member_ID, sport_ID) values (86, 8);
insert into members_sports (member_ID, sport_ID) values (87, 3);
insert into members_sports (member_ID, sport_ID) values (88, 4);
insert into members_sports (member_ID, sport_ID) values (89, 3);
insert into members_sports (member_ID, sport_ID) values (90, 1);
insert into members_sports (member_ID, sport_ID) values (91, 4);
insert into members_sports (member_ID, sport_ID) values (92, 11);
insert into members_sports (member_ID, sport_ID) values (93, 6);
insert into members_sports (member_ID, sport_ID) values (94, 3);
insert into members_sports (member_ID, sport_ID) values (95, 11);
insert into members_sports (member_ID, sport_ID) values (96, 8);
insert into members_sports (member_ID, sport_ID) values (97, 9);
insert into members_sports (member_ID, sport_ID) values (98, 9);
insert into members_sports (member_ID, sport_ID) values (99, 5);
insert into members_sports (member_ID, sport_ID) values (100, 7);
insert into members_sports (member_ID, sport_ID) values (101, 11);
insert into members_sports (member_ID, sport_ID) values (102, 12);
insert into members_sports (member_ID, sport_ID) values (103, 8);
insert into members_sports (member_ID, sport_ID) values (104, 7);
insert into members_sports (member_ID, sport_ID) values (105, 9);
insert into members_sports (member_ID, sport_ID) values (106, 3);
insert into members_sports (member_ID, sport_ID) values (107, 2);
insert into members_sports (member_ID, sport_ID) values (108, 8);
insert into members_sports (member_ID, sport_ID) values (109, 12);
insert into members_sports (member_ID, sport_ID) values (110, 8);
insert into members_sports (member_ID, sport_ID) values (111, 12);
insert into members_sports (member_ID, sport_ID) values (112, 6);
insert into members_sports (member_ID, sport_ID) values (113, 10);
insert into members_sports (member_ID, sport_ID) values (114, 3);
insert into members_sports (member_ID, sport_ID) values (115, 1);
insert into members_sports (member_ID, sport_ID) values (116, 4);
insert into members_sports (member_ID, sport_ID) values (117, 10);
insert into members_sports (member_ID, sport_ID) values (118, 12);
insert into members_sports (member_ID, sport_ID) values (119, 6);
insert into members_sports (member_ID, sport_ID) values (120, 6);
insert into members_sports (member_ID, sport_ID) values (121, 10);
insert into members_sports (member_ID, sport_ID) values (122, 10);
insert into members_sports (member_ID, sport_ID) values (123, 2);
insert into members_sports (member_ID, sport_ID) values (124, 4);
insert into members_sports (member_ID, sport_ID) values (125, 8);
insert into members_sports (member_ID, sport_ID) values (126, 7);
insert into members_sports (member_ID, sport_ID) values (127, 3);
insert into members_sports (member_ID, sport_ID) values (128, 4);
insert into members_sports (member_ID, sport_ID) values (129, 4);
insert into members_sports (member_ID, sport_ID) values (130, 12);
insert into members_sports (member_ID, sport_ID) values (131, 2);
insert into members_sports (member_ID, sport_ID) values (132, 10);
insert into members_sports (member_ID, sport_ID) values (133, 10);
insert into members_sports (member_ID, sport_ID) values (134, 1);
insert into members_sports (member_ID, sport_ID) values (135, 10);
insert into members_sports (member_ID, sport_ID) values (136, 3);
insert into members_sports (member_ID, sport_ID) values (137, 6);
insert into members_sports (member_ID, sport_ID) values (138, 9);
insert into members_sports (member_ID, sport_ID) values (139, 3);
insert into members_sports (member_ID, sport_ID) values (140, 12);
insert into members_sports (member_ID, sport_ID) values (141, 2);
insert into members_sports (member_ID, sport_ID) values (142, 3);
insert into members_sports (member_ID, sport_ID) values (143, 3);
insert into members_sports (member_ID, sport_ID) values (144, 6);
insert into members_sports (member_ID, sport_ID) values (145, 2);
insert into members_sports (member_ID, sport_ID) values (146, 9);
insert into members_sports (member_ID, sport_ID) values (147, 5);
insert into members_sports (member_ID, sport_ID) values (148, 5);
insert into members_sports (member_ID, sport_ID) values (149, 9);
insert into members_sports (member_ID, sport_ID) values (150, 6);
insert into members_sports (member_ID, sport_ID) values (151, 7);
insert into members_sports (member_ID, sport_ID) values (152, 10);
insert into members_sports (member_ID, sport_ID) values (153, 10);
insert into members_sports (member_ID, sport_ID) values (154, 5);
insert into members_sports (member_ID, sport_ID) values (155, 6);
insert into members_sports (member_ID, sport_ID) values (156, 5);
insert into members_sports (member_ID, sport_ID) values (157, 3);
insert into members_sports (member_ID, sport_ID) values (158, 5);
insert into members_sports (member_ID, sport_ID) values (159, 7);
insert into members_sports (member_ID, sport_ID) values (160, 12);
insert into members_sports (member_ID, sport_ID) values (161, 6);
insert into members_sports (member_ID, sport_ID) values (162, 1);
insert into members_sports (member_ID, sport_ID) values (163, 4);
insert into members_sports (member_ID, sport_ID) values (164, 10);
insert into members_sports (member_ID, sport_ID) values (165, 8);
insert into members_sports (member_ID, sport_ID) values (166, 1);
insert into members_sports (member_ID, sport_ID) values (167, 7);
insert into members_sports (member_ID, sport_ID) values (168, 3);
insert into members_sports (member_ID, sport_ID) values (169, 2);
insert into members_sports (member_ID, sport_ID) values (170, 10);
insert into members_sports (member_ID, sport_ID) values (171, 10);
insert into members_sports (member_ID, sport_ID) values (172, 7);
insert into members_sports (member_ID, sport_ID) values (173, 6);
insert into members_sports (member_ID, sport_ID) values (174, 8);
insert into members_sports (member_ID, sport_ID) values (175, 8);
insert into members_sports (member_ID, sport_ID) values (176, 7);
insert into members_sports (member_ID, sport_ID) values (177, 3);
insert into members_sports (member_ID, sport_ID) values (178, 9);
insert into members_sports (member_ID, sport_ID) values (179, 4);
insert into members_sports (member_ID, sport_ID) values (180, 4);
insert into members_sports (member_ID, sport_ID) values (181, 11);
insert into members_sports (member_ID, sport_ID) values (182, 9);
insert into members_sports (member_ID, sport_ID) values (183, 1);
insert into members_sports (member_ID, sport_ID) values (184, 7);
insert into members_sports (member_ID, sport_ID) values (185, 9);
insert into members_sports (member_ID, sport_ID) values (186, 1);
insert into members_sports (member_ID, sport_ID) values (187, 2);
insert into members_sports (member_ID, sport_ID) values (188, 9);
insert into members_sports (member_ID, sport_ID) values (189, 5);
insert into members_sports (member_ID, sport_ID) values (190, 11);
insert into members_sports (member_ID, sport_ID) values (191, 3);
insert into members_sports (member_ID, sport_ID) values (192, 2);
insert into members_sports (member_ID, sport_ID) values (193, 11);
insert into members_sports (member_ID, sport_ID) values (194, 1);
insert into members_sports (member_ID, sport_ID) values (195, 4);
insert into members_sports (member_ID, sport_ID) values (196, 4);
insert into members_sports (member_ID, sport_ID) values (197, 10);
insert into members_sports (member_ID, sport_ID) values (198, 5);
insert into members_sports (member_ID, sport_ID) values (199, 7);
insert into members_sports (member_ID, sport_ID) values (200, 3);
insert into members_sports (member_ID, sport_ID) values (168, 4);
insert into members_sports (member_ID, sport_ID) values (200, 7);
insert into members_sports (member_ID, sport_ID) values (47, 11);
insert into members_sports (member_ID, sport_ID) values (141, 8);
insert into members_sports (member_ID, sport_ID) values (79, 10);
insert into members_sports (member_ID, sport_ID) values (65, 9);
insert into members_sports (member_ID, sport_ID) values (46, 3);
insert into members_sports (member_ID, sport_ID) values (125, 1);
insert into members_sports (member_ID, sport_ID) values (60, 4);
insert into members_sports (member_ID, sport_ID) values (174, 9);
insert into members_sports (member_ID, sport_ID) values (69, 12);
insert into members_sports (member_ID, sport_ID) values (17, 3);
insert into members_sports (member_ID, sport_ID) values (118, 9);
insert into members_sports (member_ID, sport_ID) values (102, 4);
insert into members_sports (member_ID, sport_ID) values (128, 2);
insert into members_sports (member_ID, sport_ID) values (62, 5);
insert into members_sports (member_ID, sport_ID) values (164, 6);
insert into members_sports (member_ID, sport_ID) values (94, 5);
insert into members_sports (member_ID, sport_ID) values (101, 11);
insert into members_sports (member_ID, sport_ID) values (142, 12);
insert into members_sports (member_ID, sport_ID) values (171, 2);
insert into members_sports (member_ID, sport_ID) values (105, 5);
insert into members_sports (member_ID, sport_ID) values (178, 12);
insert into members_sports (member_ID, sport_ID) values (57, 6);
insert into members_sports (member_ID, sport_ID) values (71, 7);
insert into members_sports (member_ID, sport_ID) values (47, 10);
insert into members_sports (member_ID, sport_ID) values (101, 1);
insert into members_sports (member_ID, sport_ID) values (183, 2);
insert into members_sports (member_ID, sport_ID) values (2, 6);
insert into members_sports (member_ID, sport_ID) values (67, 6);
insert into members_sports (member_ID, sport_ID) values (124, 4);
insert into members_sports (member_ID, sport_ID) values (1, 6);
insert into members_sports (member_ID, sport_ID) values (26, 9);
insert into members_sports (member_ID, sport_ID) values (190, 10);
insert into members_sports (member_ID, sport_ID) values (63, 11);
insert into members_sports (member_ID, sport_ID) values (122, 7);
insert into members_sports (member_ID, sport_ID) values (105, 7);
insert into members_sports (member_ID, sport_ID) values (54, 6);
insert into members_sports (member_ID, sport_ID) values (173, 10);
insert into members_sports (member_ID, sport_ID) values (22, 8);
insert into members_sports (member_ID, sport_ID) values (190, 5);
insert into members_sports (member_ID, sport_ID) values (73, 12);
insert into members_sports (member_ID, sport_ID) values (188, 6);
insert into members_sports (member_ID, sport_ID) values (46, 1);
insert into members_sports (member_ID, sport_ID) values (143, 1);
insert into members_sports (member_ID, sport_ID) values (129, 1);
insert into members_sports (member_ID, sport_ID) values (169, 8);
insert into members_sports (member_ID, sport_ID) values (112, 9);
insert into members_sports (member_ID, sport_ID) values (35, 4);
insert into members_sports (member_ID, sport_ID) values (168, 2);
insert into members_sports (member_ID, sport_ID) values (72, 7);
insert into members_sports (member_ID, sport_ID) values (153, 6);
insert into members_sports (member_ID, sport_ID) values (11, 11);
insert into members_sports (member_ID, sport_ID) values (75, 8);
insert into members_sports (member_ID, sport_ID) values (49, 10);
insert into members_sports (member_ID, sport_ID) values (113, 5);
insert into members_sports (member_ID, sport_ID) values (71, 8);
insert into members_sports (member_ID, sport_ID) values (170, 8);
insert into members_sports (member_ID, sport_ID) values (91, 6);
insert into members_sports (member_ID, sport_ID) values (66, 2);
insert into members_sports (member_ID, sport_ID) values (137, 8);
insert into members_sports (member_ID, sport_ID) values (184, 9);
insert into members_sports (member_ID, sport_ID) values (38, 1);
insert into members_sports (member_ID, sport_ID) values (110, 11);
insert into members_sports (member_ID, sport_ID) values (197, 8);
insert into members_sports (member_ID, sport_ID) values (135, 8);
insert into members_sports (member_ID, sport_ID) values (60, 3);
insert into members_sports (member_ID, sport_ID) values (58, 11);
insert into members_sports (member_ID, sport_ID) values (128, 11);
insert into members_sports (member_ID, sport_ID) values (46, 4);
insert into members_sports (member_ID, sport_ID) values (83, 7);
insert into members_sports (member_ID, sport_ID) values (43, 8);
insert into members_sports (member_ID, sport_ID) values (144, 2);
insert into members_sports (member_ID, sport_ID) values (168, 11);
insert into members_sports (member_ID, sport_ID) values (192, 8);
insert into members_sports (member_ID, sport_ID) values (58, 8);
insert into members_sports (member_ID, sport_ID) values (85, 1);
insert into members_sports (member_ID, sport_ID) values (70, 7);
insert into members_sports (member_ID, sport_ID) values (34, 5);
insert into members_sports (member_ID, sport_ID) values (26, 12);
insert into members_sports (member_ID, sport_ID) values (13, 7);
insert into members_sports (member_ID, sport_ID) values (193, 9);
insert into members_sports (member_ID, sport_ID) values (45, 10);
insert into members_sports (member_ID, sport_ID) values (154, 4);
insert into members_sports (member_ID, sport_ID) values (43, 12);
insert into members_sports (member_ID, sport_ID) values (58, 5);
insert into members_sports (member_ID, sport_ID) values (60, 2);
insert into members_sports (member_ID, sport_ID) values (79, 4);
insert into members_sports (member_ID, sport_ID) values (95, 10);
insert into members_sports (member_ID, sport_ID) values (92, 7);
insert into members_sports (member_ID, sport_ID) values (166, 12);
insert into members_sports (member_ID, sport_ID) values (31, 3);
insert into members_sports (member_ID, sport_ID) values (89, 4);
insert into members_sports (member_ID, sport_ID) values (9, 11);
insert into members_sports (member_ID, sport_ID) values (62, 5);
insert into members_sports (member_ID, sport_ID) values (198, 11);
insert into members_sports (member_ID, sport_ID) values (139, 7);
insert into members_sports (member_ID, sport_ID) values (26, 12);
insert into members_sports (member_ID, sport_ID) values (91, 11);
insert into members_sports (member_ID, sport_ID) values (11, 4);

insert into members (member_ID, email, pw) values (1, 'patrick.bradley788@mail.com', 'vuzopRnw');
insert into members (member_ID, email, pw) values (2, 'giles.leonard560@mail.com', 'xDAcSCmL');
insert into members (member_ID, email, pw) values (3, 'duncan.townsend704@mail.com', 'kYESbVEq');
insert into members (member_ID, email, pw) values (4, 'samuel.murphy83@mail.com', 'rxZAXeyi');
insert into members (member_ID, email, pw) values (5, 'gidon.crawford776@mail.com', 'bvBsEAmm');
insert into members (member_ID, email, pw) values (6, 'richard.maxwell355@mail.com', 'VrnqKjaO');
insert into members (member_ID, email, pw) values (7, 'sean.rodriguez374@mail.com', 'NUHwEWPK');
insert into members (member_ID, email, pw) values (8, 'muhammad.bowman753@mail.com', 'ChCDryhr');
insert into members (member_ID, email, pw) values (9, 'alessandro.hardy922@mail.com', 'VzoGtgdc');
insert into members (member_ID, email, pw) values (10, 'elliott.fletcher771@mail.com', 'ohyVPDVE');
insert into members (member_ID, email, pw) values (11, 'elliot.daniel166@mail.com', 'RKeVysVu');
insert into members (member_ID, email, pw) values (12, 'iain.schroeder693@mail.com', 'RrUBqwGj');
insert into members (member_ID, email, pw) values (13, 'aynsley.carrillo74@mail.com', 'xZHgZQbj');
insert into members (member_ID, email, pw) values (14, 'mohammad.campbell57@mail.com', 'nVufqAoF');
insert into members (member_ID, email, pw) values (15, 'don.carrillo481@mail.com', 'glEbyEOh');
insert into members (member_ID, email, pw) values (16, 'barrie.watts207@mail.com', 'veNdgDbO');
insert into members (member_ID, email, pw) values (17, 'sean.petersen380@mail.com', 'VXQQEBbb');
insert into members (member_ID, email, pw) values (18, 'joseph.garrett668@mail.com', 'RfAJRySY');
insert into members (member_ID, email, pw) values (19, 'kenneth.hines778@mail.com', 'ToEtzGYn');
insert into members (member_ID, email, pw) values (20, 'kennedy.gallagher827@mail.com', 'oZRyzyPj');
insert into members (member_ID, email, pw) values (21, 'neill.summers546@mail.com', 'bsjwVdlZ');
insert into members (member_ID, email, pw) values (22, 'gavin.hubbard278@mail.com', 'RVMfGarx');
insert into members (member_ID, email, pw) values (23, 'bradley.elliott61@mail.com', 'ySNnqsLG');
insert into members (member_ID, email, pw) values (24, 'gordon.sanchez988@mail.com', 'RRMtyfAT');
insert into members (member_ID, email, pw) values (25, 'toby.francis637@mail.com', 'BlFTThSo');
insert into members (member_ID, email, pw) values (26, 'joseph.schmidt649@mail.com', 'IsiPAVSI');
insert into members (member_ID, email, pw) values (27, 'mohammed.mueller410@mail.com', 'hZlQyoOj');
insert into members (member_ID, email, pw) values (28, 'damien.mora199@mail.com', 'NHOwutFJ');
insert into members (member_ID, email, pw) values (29, 'shane.russell815@mail.com', 'vxVPqlOX');
insert into members (member_ID, email, pw) values (30, 'leigh.marshall486@mail.com', 'mNfTZhPf');
insert into members (member_ID, email, pw) values (31, 'claudio.schmidt451@mail.com', 'ItjadqqL');
insert into members (member_ID, email, pw) values (32, 'forbes.flowers8@mail.com', 'ThZrYahQ');
insert into members (member_ID, email, pw) values (33, 'archie.dean601@mail.com', 'enaoKdZq');
insert into members (member_ID, email, pw) values (34, 'hector.baldwin131@mail.com', 'bPJUCLPf');
insert into members (member_ID, email, pw) values (35, 'kerry.torres902@mail.com', 'UVfBNbtb');
insert into members (member_ID, email, pw) values (36, 'vincent.buchanan979@mail.com', 'GSWfALNw');
insert into members (member_ID, email, pw) values (37, 'lindsay.conner759@mail.com', 'VaAMQfxO');
insert into members (member_ID, email, pw) values (38, 'brett.arnold779@mail.com', 'vYpoNqEa');
insert into members (member_ID, email, pw) values (39, 'mark.schwartz314@mail.com', 'qYtsxKKp');
insert into members (member_ID, email, pw) values (40, 'arran.tucker48@mail.com', 'QTayyOeq');
insert into members (member_ID, email, pw) values (41, 'robin.lara118@mail.com', 'fjSOQlCh');
insert into members (member_ID, email, pw) values (42, 'dennis.griffith334@mail.com', 'TUWLCOqn');
insert into members (member_ID, email, pw) values (43, 'trevor.williamson643@mail.com', 'eqgaGwaG');
insert into members (member_ID, email, pw) values (44, 'liam.roberts459@mail.com', 'ARZeZbKc');
insert into members (member_ID, email, pw) values (45, 'christopher.medina730@mail.com', 'nmuwAKon');
insert into members (member_ID, email, pw) values (46, 'dennis.bowers153@mail.com', 'ZOmpfWQY');
insert into members (member_ID, email, pw) values (47, 'kennedy.zimmerman485@mail.com', 'KnmoZXCw');
insert into members (member_ID, email, pw) values (48, 'norman.carter737@mail.com', 'OkFkfZCW');
insert into members (member_ID, email, pw) values (49, 'wayne.pope171@mail.com', 'IMCPcygi');
insert into members (member_ID, email, pw) values (50, 'alasdair.williamson917@mail.com', 'iMXkOIRa');
insert into members (member_ID, email, pw) values (51, 'jason.wise964@mail.com', 'KdQGnQHq');
insert into members (member_ID, email, pw) values (52, 'lewis.richardson793@mail.com', 'SZHIXInU');
insert into members (member_ID, email, pw) values (53, 'lee.reeves495@mail.com', 'URjQdZUl');
insert into members (member_ID, email, pw) values (54, 'nicol.fernandez560@mail.com', 'FnbBcdBW');
insert into members (member_ID, email, pw) values (55, 'brent.ortega685@mail.com', 'SWuGYgXz');
insert into members (member_ID, email, pw) values (56, 'frederick.dennis561@mail.com', 'FcErFIvt');
insert into members (member_ID, email, pw) values (57, 'johnston.salinas75@mail.com', 'qNtWgwVn');
insert into members (member_ID, email, pw) values (58, 'alexander.peterson728@mail.com', 'aDUWvBqT');
insert into members (member_ID, email, pw) values (59, 'tony.beil29@mail.com', 'AhUOxgMw');
insert into members (member_ID, email, pw) values (60, 'gordon.richards961@mail.com', 'PPHLlEEN');
insert into members (member_ID, email, pw) values (61, 'mohammad.patel7@mail.com', 'pLUmPTWJ');
insert into members (member_ID, email, pw) values (62, 'stewart.fuller304@mail.com', 'XLVNCKVZ');
insert into members (member_ID, email, pw) values (63, 'michael.simmons228@mail.com', 'faOezCte');
insert into members (member_ID, email, pw) values (64, 'albert.andrade111@mail.com', 'xnHcHFZj');
insert into members (member_ID, email, pw) values (65, 'neil.curtis824@mail.com', 'TUJCDdZr');
insert into members (member_ID, email, pw) values (66, 'kerr.pierce251@mail.com', 'ZZhqZqIJ');
insert into members (member_ID, email, pw) values (67, 'colin.carpenter388@mail.com', 'JiAjxUaP');
insert into members (member_ID, email, pw) values (68, 'eric.huang717@mail.com', 'AmqdrgIO');
insert into members (member_ID, email, pw) values (69, 'terry.contreras509@mail.com', 'llMzPpOp');
insert into members (member_ID, email, pw) values (70, 'niall.adkins874@mail.com', 'ZNtAjYua');
insert into members (member_ID, email, pw) values (71, 'alick.francis180@mail.com', 'bSDVFTML');
insert into members (member_ID, email, pw) values (72, 'abdul.dominguez232@mail.com', 'eNygFMVH');
insert into members (member_ID, email, pw) values (73, 'roddy.liu882@mail.com', 'NjLTpKfJ');
insert into members (member_ID, email, pw) values (74, 'george.martinez880@mail.com', 'mHwItbQz');
insert into members (member_ID, email, pw) values (75, 'chad.wade573@mail.com', 'KXQkaaoR');
insert into members (member_ID, email, pw) values (76, 'elliott.hampton500@mail.com', 'THuMTjve');
insert into members (member_ID, email, pw) values (77, 'maxwell.goodman167@mail.com', 'vExnEgUs');
insert into members (member_ID, email, pw) values (78, 'hector.olson805@mail.com', 'JXQUvjIN');
insert into members (member_ID, email, pw) values (79, 'julian.shah283@mail.com', 'AbZBDsOv');
insert into members (member_ID, email, pw) values (80, 'andre.manning555@mail.com', 'CgNKFRVE');
insert into members (member_ID, email, pw) values (81, 'ceri.harvey161@mail.com', 'cVfSJogu');
insert into members (member_ID, email, pw) values (82, 'marc.baker574@mail.com', 'VOKkyjaL');
insert into members (member_ID, email, pw) values (83, 'andre.rivera710@mail.com', 'eOYmgDwd');
insert into members (member_ID, email, pw) values (84, 'atholl.escobar773@mail.com', 'WAIvCCRe');
insert into members (member_ID, email, pw) values (85, 'owen.parker789@mail.com', 'RgTRIAAH');
insert into members (member_ID, email, pw) values (86, 'roland.arias368@mail.com', 'ikzeMtrn');
insert into members (member_ID, email, pw) values (87, 'karl.farmer532@mail.com', 'oSOlZotx');
insert into members (member_ID, email, pw) values (88, 'rennie.mercado740@mail.com', 'ucJDWsWo');
insert into members (member_ID, email, pw) values (89, 'stefano.foster571@mail.com', 'TISrDEYB');
insert into members (member_ID, email, pw) values (90, 'steve.carrillo281@mail.com', 'Moiyprwa');
insert into members (member_ID, email, pw) values (91, 'campbell.russell928@mail.com', 'RAqVdOEI');
insert into members (member_ID, email, pw) values (92, 'geoff.rivas378@mail.com', 'rlcyGisu');
insert into members (member_ID, email, pw) values (93, 'barrie.butler893@mail.com', 'jdCJshHV');
insert into members (member_ID, email, pw) values (94, 'morris.adams151@mail.com', 'lLZErjUz');
insert into members (member_ID, email, pw) values (95, 'thomas.charles90@mail.com', 'MuPfFVXa');
insert into members (member_ID, email, pw) values (96, 'lorne.nelson137@mail.com', 'RtNddngD');
insert into members (member_ID, email, pw) values (97, 'nicolas.rivera142@mail.com', 'PXMuVdHe');
insert into members (member_ID, email, pw) values (98, 'alick.holland813@mail.com', 'BnOfaqak');
insert into members (member_ID, email, pw) values (99, 'nathaniel.bowen141@mail.com', 'GUFeWbQZ');
insert into members (member_ID, email, pw) values (100, 'christian.morrow501@mail.com', 'DYUTLvfi');
insert into members (member_ID, email, pw) values (101, 'mari.gregory442@mail.com', 'SbDADlCn');
insert into members (member_ID, email, pw) values (102, 'hayley.short102@mail.com', 'kSUdjkIu');
insert into members (member_ID, email, pw) values (103, 'carolyn.guerra220@mail.com', 'gjIObcrW');
insert into members (member_ID, email, pw) values (104, 'francesca.moody742@mail.com', 'DLPNmmDU');
insert into members (member_ID, email, pw) values (105, 'connie.gardner32@mail.com', 'QrlXJAgy');
insert into members (member_ID, email, pw) values (106, 'corrine.mcbride808@mail.com', 'bjmsiQCo');
insert into members (member_ID, email, pw) values (107, 'nancy.bailey549@mail.com', 'JOdoRLbk');
insert into members (member_ID, email, pw) values (108, 'janette.hodges345@mail.com', 'KdInoUca');
insert into members (member_ID, email, pw) values (109, 'judith.vaughn262@mail.com', 'RfhKmayG');
insert into members (member_ID, email, pw) values (110, 'lynette.cole569@mail.com', 'HJtRjYSN');
insert into members (member_ID, email, pw) values (111, 'faye.liu395@mail.com', 'oWooYGBu');
insert into members (member_ID, email, pw) values (112, 'hilary.franklin333@mail.com', 'TYThODNH');
insert into members (member_ID, email, pw) values (113, 'tammy.blair85@mail.com', 'cZszbZyJ');
insert into members (member_ID, email, pw) values (114, 'mairi.rosales287@mail.com', 'DAfHHljf');
insert into members (member_ID, email, pw) values (115, 'lyn.jenkins614@mail.com', 'YFuyBwuE');
insert into members (member_ID, email, pw) values (116, 'penelope.olson467@mail.com', 'CQPNYDNL');
insert into members (member_ID, email, pw) values (117, 'faye.day771@mail.com', 'tRTUdNwt');
insert into members (member_ID, email, pw) values (118, 'sian.garner450@mail.com', 'YgBayQjU');
insert into members (member_ID, email, pw) values (119, 'louise.west272@mail.com', 'qZfCmkOC');
insert into members (member_ID, email, pw) values (120, 'olga.francis797@mail.com', 'ffivOvyv');
insert into members (member_ID, email, pw) values (121, 'joanna.parker316@mail.com', 'UEvTmZAA');
insert into members (member_ID, email, pw) values (122, 'samantha.montgomery192@mail.com', 'Vhmjfzre');
insert into members (member_ID, email, pw) values (123, 'kimberly.wolf194@mail.com', 'bKrpgCJn');
insert into members (member_ID, email, pw) values (124, 'kimberley.mueller106@mail.com', 'hZIPtzFv');
insert into members (member_ID, email, pw) values (125, 'valerie.elliott979@mail.com', 'kGjhQArJ');
insert into members (member_ID, email, pw) values (126, 'jessica.bryant886@mail.com', 'jRhGiEwJ');
insert into members (member_ID, email, pw) values (127, 'kate.lindsey433@mail.com', 'AudSPBsU');
insert into members (member_ID, email, pw) values (128, 'carolyne.wong195@mail.com', 'wmwPxZqF');
insert into members (member_ID, email, pw) values (129, 'marisa.alvarado712@mail.com', 'uKDYQVrR');
insert into members (member_ID, email, pw) values (130, 'adele.velasquez99@mail.com', 'nDStSHZA');
insert into members (member_ID, email, pw) values (131, 'roisin.silva11@mail.com', 'EHZLeoAu');
insert into members (member_ID, email, pw) values (132, 'justine.greer247@mail.com', 'VAwjScYr');
insert into members (member_ID, email, pw) values (133, 'amanda-jane.hughes975@mail.com', 'FsnnQrmX');
insert into members (member_ID, email, pw) values (134, 'vivien.stephens551@mail.com', 'StiMODpM');
insert into members (member_ID, email, pw) values (135, 'corinne.nicholson355@mail.com', 'IMjefVEi');
insert into members (member_ID, email, pw) values (136, 'isabel.wang706@mail.com', 'CQbjUCJP');
insert into members (member_ID, email, pw) values (137, 'sarah-jane.george400@mail.com', 'NJmDPgKr');
insert into members (member_ID, email, pw) values (138, 'donna.miles287@mail.com', 'cNIbfoiG');
insert into members (member_ID, email, pw) values (139, 'lindsay.hamilton915@mail.com', 'gFFdbAXr');
insert into members (member_ID, email, pw) values (140, 'madeleine.pacheco231@mail.com', 'mBCpBiso');
insert into members (member_ID, email, pw) values (141, 'samantha.tucker89@mail.com', 'SPmDtywK');
insert into members (member_ID, email, pw) values (142, 'sylvia.barber718@mail.com', 'IIZyktKN');
insert into members (member_ID, email, pw) values (143, 'sally.leon231@mail.com', 'CyepYqCr');
insert into members (member_ID, email, pw) values (144, 'eva.wise714@mail.com', 'jxwopArv');
insert into members (member_ID, email, pw) values (145, 'anna.howell832@mail.com', 'lqxdsqPD');
insert into members (member_ID, email, pw) values (146, 'laura.anderson782@mail.com', 'YoPjbwag');
insert into members (member_ID, email, pw) values (147, 'carolyne.russell647@mail.com', 'WpFfLvxB');
insert into members (member_ID, email, pw) values (148, 'jean.mcdaniel272@mail.com', 'ylzIHcav');
insert into members (member_ID, email, pw) values (149, 'madeleine.barker532@mail.com', 'ktkDSuAQ');
insert into members (member_ID, email, pw) values (150, 'dionne.lin506@mail.com', 'qQEfLpYk');
insert into members (member_ID, email, pw) values (151, 'angeline.clark881@mail.com', 'mEpEdJGf');
insert into members (member_ID, email, pw) values (152, 'dana.morrison454@mail.com', 'UCTeTvQR');
insert into members (member_ID, email, pw) values (153, 'kelly.ellis975@mail.com', 'qpDMHiIo');
insert into members (member_ID, email, pw) values (154, 'lee-ann.hayes264@mail.com', 'wWaWTycx');
insert into members (member_ID, email, pw) values (155, 'valerie.acosta956@mail.com', 'bXHhxiuP');
insert into members (member_ID, email, pw) values (156, 'melissa.black945@mail.com', 'hXzrVfiB');
insert into members (member_ID, email, pw) values (157, 'isabel.mitchell234@mail.com', 'tUzfpOix');
insert into members (member_ID, email, pw) values (158, 'anna.nicholson445@mail.com', 'RpwsTobd');
insert into members (member_ID, email, pw) values (159, 'tara.mueller833@mail.com', 'xynMKDtV');
insert into members (member_ID, email, pw) values (160, 'cindy.bowman48@mail.com', 'ANQqqvjb');
insert into members (member_ID, email, pw) values (161, 'marion.pena405@mail.com', 'JyjsayUe');
insert into members (member_ID, email, pw) values (162, 'vanessa.davidson497@mail.com', 'kwMZOfcp');
insert into members (member_ID, email, pw) values (163, 'sonya.sherman927@mail.com', 'Vwojsdca');
insert into members (member_ID, email, pw) values (164, 'tracey.miles420@mail.com', 'HxBAETEB');
insert into members (member_ID, email, pw) values (165, 'leeanne.mann686@mail.com', 'KLlkNnyk');
insert into members (member_ID, email, pw) values (166, 'marilyn.baker271@mail.com', 'KVvhjWWN');
insert into members (member_ID, email, pw) values (167, 'joanna.burns294@mail.com', 'cObhmqSu');
insert into members (member_ID, email, pw) values (168, 'kay.morris660@mail.com', 'mdGJZVJS');
insert into members (member_ID, email, pw) values (169, 'alexandria.peterson920@mail.com', 'bSeqDGJi');
insert into members (member_ID, email, pw) values (170, 'dionne.cohen825@mail.com', 'BcjhnjcD');
insert into members (member_ID, email, pw) values (171, 'carolyn.gutierrez986@mail.com', 'kgYOuvsy');
insert into members (member_ID, email, pw) values (172, 'dionne.aguirre463@mail.com', 'VuDOwwAo');
insert into members (member_ID, email, pw) values (173, 'maxine.figueroa80@mail.com', 'dJeOqWdi');
insert into members (member_ID, email, pw) values (174, 'jocelyn.cook909@mail.com', 'eSIvpvhy');
insert into members (member_ID, email, pw) values (175, 'wilma.sanders991@mail.com', 'pQfnUjtp');
insert into members (member_ID, email, pw) values (176, 'gael.peterson307@mail.com', 'GLgqTuMR');
insert into members (member_ID, email, pw) values (177, 'tracy.lozano153@mail.com', 'bwqPVkTq');
insert into members (member_ID, email, pw) values (178, 'lyndsay.dawson703@mail.com', 'bmKPvmTH');
insert into members (member_ID, email, pw) values (179, 'adrienne.haynes545@mail.com', 'DISssFlt');
insert into members (member_ID, email, pw) values (180, 'lesley.olson903@mail.com', 'MrmHTRGW');
insert into members (member_ID, email, pw) values (181, 'alana.cummings507@mail.com', 'sxmzFVWT');
insert into members (member_ID, email, pw) values (182, 'pamela.williams177@mail.com', 'EcTlJbPC');
insert into members (member_ID, email, pw) values (183, 'sarah.juarez416@mail.com', 'KoxLPAMv');
insert into members (member_ID, email, pw) values (184, 'melissa.reynolds549@mail.com', 'TxVclnML');
insert into members (member_ID, email, pw) values (185, 'rachael.tran803@mail.com', 'RgRsMREC');
insert into members (member_ID, email, pw) values (186, 'samantha.moss544@mail.com', 'ZUJrBcfh');
insert into members (member_ID, email, pw) values (187, 'morag.patterson574@mail.com', 'xOrvzTFO');
insert into members (member_ID, email, pw) values (188, 'kirsteen.walton586@mail.com', 'wJjnSQeE');
insert into members (member_ID, email, pw) values (189, 'isobel.hardy956@mail.com', 'WFapqixj');
insert into members (member_ID, email, pw) values (190, 'lorraine.hughes924@mail.com', 'AucjPaJr');
insert into members (member_ID, email, pw) values (191, 'kelly.carrillo826@mail.com', 'RnMeSCds');
insert into members (member_ID, email, pw) values (192, 'alexis.orozco837@mail.com', 'btzkObov');
insert into members (member_ID, email, pw) values (193, 'tracey.guerrero185@mail.com', 'UlyWaPeX');
insert into members (member_ID, email, pw) values (194, 'bridget.wang613@mail.com', 'HhVGYApf');
insert into members (member_ID, email, pw) values (195, 'roisin.serrano86@mail.com', 'QDUhjKrb');
insert into members (member_ID, email, pw) values (196, 'anna.luna362@mail.com', 'zFxOMAmp');
insert into members (member_ID, email, pw) values (197, 'josephine.castro437@mail.com', 'dEnSbCTL');
insert into members (member_ID, email, pw) values (198, 'eve.camacho145@mail.com', 'bOpQCvtQ');
insert into members (member_ID, email, pw) values (199, 'marlene.schwartz7@mail.com', 'gPUpOqyT');
insert into members (member_ID, email, pw) values (200, 'angie.moran995@mail.com', 'yDHYeBwU');

insert into members_info (email, first_name, last_name, phone_number, birthday, gender, membership_type_ID, duration_group_ID, role_ID) values ('patrick.bradley788@mail.com', 'Patrick', 'Bradley', '034651234837', '1960-10-21', 'm', 1, 3, 4);
insert into members_info (email, first_name, last_name, phone_number, birthday, gender, membership_type_ID, duration_group_ID, role_ID) values ('giles.leonard560@mail.com', 'Giles', 'Leonard', '054352832565', '1981-6-13', 'm', 2, 4, 4);
insert into members_info (email, first_name, last_name, phone_number, birthday, gender, membership_type_ID, duration_group_ID, role_ID) values ('duncan.townsend704@mail.com', 'Duncan', 'Townsend', '033084877463', '1953-6-18', 'm', 1, 3, 4);
insert into members_info (email, first_name, last_name, phone_number, birthday, gender, membership_type_ID, duration_group_ID, role_ID) values ('samuel.murphy83@mail.com', 'Samuel', 'Murphy', '095068743410', '1930-2-26', 'm', 1, 1, 4);
insert into members_info (email, first_name, last_name, phone_number, birthday, gender, membership_type_ID, duration_group_ID, role_ID) values ('gidon.crawford776@mail.com', 'Gidon', 'Crawford', '023626131547', '1947-4-3', 'm', 1, 2, 4);
insert into members_info (email, first_name, last_name, phone_number, birthday, gender, membership_type_ID, duration_group_ID, role_ID) values ('richard.maxwell355@mail.com', 'Richard', 'Maxwell', '067635606128', '2002-4-7', 'm', 1, 1, 4);
insert into members_info (email, first_name, last_name, phone_number, birthday, gender, membership_type_ID, duration_group_ID, role_ID) values ('sean.rodriguez374@mail.com', 'Sean', 'Rodriguez', '065180751517', '2018-8-4', 'm', 1, 1, 4);
insert into members_info (email, first_name, last_name, phone_number, birthday, gender, membership_type_ID, duration_group_ID, role_ID) values ('muhammad.bowman753@mail.com', 'Muhammad', 'Bowman', '090386218230', '1956-6-5', 'm', 1, 1, 4);
insert into members_info (email, first_name, last_name, phone_number, birthday, gender, membership_type_ID, duration_group_ID, role_ID) values ('alessandro.hardy922@mail.com', 'Alessandro', 'Hardy', '059174136315', '2010-11-6', 'm', 1, 2, 4);
insert into members_info (email, first_name, last_name, phone_number, birthday, gender, membership_type_ID, duration_group_ID, role_ID) values ('elliott.fletcher771@mail.com', 'Elliott', 'Fletcher', '002228505361', '1943-5-7', 'm', 1, 3, 4);
insert into members_info (email, first_name, last_name, phone_number, birthday, gender, membership_type_ID, duration_group_ID, role_ID) values ('elliot.daniel166@mail.com', 'Elliot', 'Daniel', '001296261304', '1976-9-4', 'm', 2, 1, 4);
insert into members_info (email, first_name, last_name, phone_number, birthday, gender, membership_type_ID, duration_group_ID, role_ID) values ('iain.schroeder693@mail.com', 'Iain', 'Schroeder', '084377516647', '1953-10-16', 'm', 1, 1, 4);
insert into members_info (email, first_name, last_name, phone_number, birthday, gender, membership_type_ID, duration_group_ID, role_ID) values ('aynsley.carrillo74@mail.com', 'Aynsley', 'Carrillo', '025450824334', '1995-7-5', 'm', 1, 4, 4);
insert into members_info (email, first_name, last_name, phone_number, birthday, gender, membership_type_ID, duration_group_ID, role_ID) values ('mohammad.campbell57@mail.com', 'Mohammad', 'Campbell', '015750594762', '2009-11-15', 'm', 2, 2, 4);
insert into members_info (email, first_name, last_name, phone_number, birthday, gender, membership_type_ID, duration_group_ID, role_ID) values ('don.carrillo481@mail.com', 'Don', 'Carrillo', '021143399202', '2020-7-17', 'm', 1, 3, 4);
insert into members_info (email, first_name, last_name, phone_number, birthday, gender, membership_type_ID, duration_group_ID, role_ID) values ('barrie.watts207@mail.com', 'Barrie', 'Watts', '079834055891', '2000-4-15', 'm', 1, 3, 4);
insert into members_info (email, first_name, last_name, phone_number, birthday, gender, membership_type_ID, duration_group_ID, role_ID) values ('sean.petersen380@mail.com', 'Sean', 'Petersen', '086217757890', '1955-8-9', 'm', 1, 4, 4);
insert into members_info (email, first_name, last_name, phone_number, birthday, gender, membership_type_ID, duration_group_ID, role_ID) values ('joseph.garrett668@mail.com', 'Joseph', 'Garrett', '010036661826', '1999-4-9', 'm', 1, 3, 4);
insert into members_info (email, first_name, last_name, phone_number, birthday, gender, membership_type_ID, duration_group_ID, role_ID) values ('kenneth.hines778@mail.com', 'Kenneth', 'Hines', '002721721653', '1979-2-21', 'm', 2, 3, 4);
insert into members_info (email, first_name, last_name, phone_number, birthday, gender, membership_type_ID, duration_group_ID, role_ID) values ('kennedy.gallagher827@mail.com', 'Kennedy', 'Gallagher', '060267629266', '1932-8-7', 'm', 2, 2, 4);
insert into members_info (email, first_name, last_name, phone_number, birthday, gender, membership_type_ID, duration_group_ID, role_ID) values ('neill.summers546@mail.com', 'Neill', 'Summers', '022782426883', '2004-7-3', 'm', 1, 2, 4);
insert into members_info (email, first_name, last_name, phone_number, birthday, gender, membership_type_ID, duration_group_ID, role_ID) values ('gavin.hubbard278@mail.com', 'Gavin', 'Hubbard', '020586051857', '1985-5-14', 'm', 1, 2, 4);
insert into members_info (email, first_name, last_name, phone_number, birthday, gender, membership_type_ID, duration_group_ID, role_ID) values ('bradley.elliott61@mail.com', 'Bradley', 'Elliott', '031678146425', '2012-6-23', 'm', 1, 1, 4);
insert into members_info (email, first_name, last_name, phone_number, birthday, gender, membership_type_ID, duration_group_ID, role_ID) values ('gordon.sanchez988@mail.com', 'Gordon', 'Sanchez', '076171735037', '1985-7-1', 'm', 1, 3, 4);
insert into members_info (email, first_name, last_name, phone_number, birthday, gender, membership_type_ID, duration_group_ID, role_ID) values ('toby.francis637@mail.com', 'Toby', 'Francis', '051902601284', '1998-7-15', 'm', 1, 1, 4);
insert into members_info (email, first_name, last_name, phone_number, birthday, gender, membership_type_ID, duration_group_ID, role_ID) values ('joseph.schmidt649@mail.com', 'Joseph', 'Schmidt', '053604960528', '1955-4-11', 'm', 1, 3, 4);
insert into members_info (email, first_name, last_name, phone_number, birthday, gender, membership_type_ID, duration_group_ID, role_ID) values ('mohammed.mueller410@mail.com', 'Mohammed', 'Mueller', '096249885194', '1960-5-8', 'm', 2, 1, 4);
insert into members_info (email, first_name, last_name, phone_number, birthday, gender, membership_type_ID, duration_group_ID, role_ID) values ('damien.mora199@mail.com', 'Damien', 'Mora', '058435048300', '1951-9-19', 'm', 1, 1, 4);
insert into members_info (email, first_name, last_name, phone_number, birthday, gender, membership_type_ID, duration_group_ID, role_ID) values ('shane.russell815@mail.com', 'Shane', 'Russell', '070432994308', '1988-7-12', 'm', 1, 2, 4);
insert into members_info (email, first_name, last_name, phone_number, birthday, gender, membership_type_ID, duration_group_ID, role_ID) values ('leigh.marshall486@mail.com', 'Leigh', 'Marshall', '085498533632', '1979-4-22', 'm', 1, 2, 4);
insert into members_info (email, first_name, last_name, phone_number, birthday, gender, membership_type_ID, duration_group_ID, role_ID) values ('claudio.schmidt451@mail.com', 'Claudio', 'Schmidt', '079573527649', '1952-9-15', 'm', 1, 1, 4);
insert into members_info (email, first_name, last_name, phone_number, birthday, gender, membership_type_ID, duration_group_ID, role_ID) values ('forbes.flowers8@mail.com', 'Forbes', 'Flowers', '003121328258', '1966-8-2', 'm', 1, 2, 4);
insert into members_info (email, first_name, last_name, phone_number, birthday, gender, membership_type_ID, duration_group_ID, role_ID) values ('archie.dean601@mail.com', 'Archie', 'Dean', '010646473609', '1962-10-8', 'm', 1, 2, 4);
insert into members_info (email, first_name, last_name, phone_number, birthday, gender, membership_type_ID, duration_group_ID, role_ID) values ('hector.baldwin131@mail.com', 'Hector', 'Baldwin', '064813068135', '1980-2-15', 'm', 2, 3, 4);
insert into members_info (email, first_name, last_name, phone_number, birthday, gender, membership_type_ID, duration_group_ID, role_ID) values ('kerry.torres902@mail.com', 'Kerry', 'Torres', '054466524772', '2013-10-6', 'm', 1, 2, 4);
insert into members_info (email, first_name, last_name, phone_number, birthday, gender, membership_type_ID, duration_group_ID, role_ID) values ('vincent.buchanan979@mail.com', 'Vincent', 'Buchanan', '041676177056', '2019-11-24', 'm', 1, 3, 4);
insert into members_info (email, first_name, last_name, phone_number, birthday, gender, membership_type_ID, duration_group_ID, role_ID) values ('lindsay.conner759@mail.com', 'Lindsay', 'Conner', '097247071003', '1937-5-13', 'm', 1, 1, 4);
insert into members_info (email, first_name, last_name, phone_number, birthday, gender, membership_type_ID, duration_group_ID, role_ID) values ('brett.arnold779@mail.com', 'Brett', 'Arnold', '075272909249', '2016-7-25', 'm', 1, 3, 4);
insert into members_info (email, first_name, last_name, phone_number, birthday, gender, membership_type_ID, duration_group_ID, role_ID) values ('mark.schwartz314@mail.com', 'Mark', 'Schwartz', '031119748006', '1951-6-3', 'm', 1, 3, 4);
insert into members_info (email, first_name, last_name, phone_number, birthday, gender, membership_type_ID, duration_group_ID, role_ID) values ('arran.tucker48@mail.com', 'Arran', 'Tucker', '021538620586', '1954-9-10', 'm', 1, 1, 4);
insert into members_info (email, first_name, last_name, phone_number, birthday, gender, membership_type_ID, duration_group_ID, role_ID) values ('robin.lara118@mail.com', 'Robin', 'Lara', '090724838173', '1986-10-5', 'm', 1, 3, 4);
insert into members_info (email, first_name, last_name, phone_number, birthday, gender, membership_type_ID, duration_group_ID, role_ID) values ('dennis.griffith334@mail.com', 'Dennis', 'Griffith', '010675014960', '2002-1-5', 'm', 2, 3, 4);
insert into members_info (email, first_name, last_name, phone_number, birthday, gender, membership_type_ID, duration_group_ID, role_ID) values ('trevor.williamson643@mail.com', 'Trevor', 'Williamson', '014719813275', '1953-8-4', 'm', 1, 3, 4);
insert into members_info (email, first_name, last_name, phone_number, birthday, gender, membership_type_ID, duration_group_ID, role_ID) values ('liam.roberts459@mail.com', 'Liam', 'Roberts', '082230961979', '1991-4-16', 'm', 1, 3, 4);
insert into members_info (email, first_name, last_name, phone_number, birthday, gender, membership_type_ID, duration_group_ID, role_ID) values ('christopher.medina730@mail.com', 'Christopher', 'Medina', '034404396139', '2014-6-3', 'm', 1, 3, 4);
insert into members_info (email, first_name, last_name, phone_number, birthday, gender, membership_type_ID, duration_group_ID, role_ID) values ('dennis.bowers153@mail.com', 'Dennis', 'Bowers', '093044765604', '2012-6-15', 'm', 2, 2, 4);
insert into members_info (email, first_name, last_name, phone_number, birthday, gender, membership_type_ID, duration_group_ID, role_ID) values ('kennedy.zimmerman485@mail.com', 'Kennedy', 'Zimmerman', '003666237355', '1958-10-25', 'm', 1, 2, 4);
insert into members_info (email, first_name, last_name, phone_number, birthday, gender, membership_type_ID, duration_group_ID, role_ID) values ('norman.carter737@mail.com', 'Norman', 'Carter', '081384110017', '2012-9-1', 'm', 1, 2, 4);
insert into members_info (email, first_name, last_name, phone_number, birthday, gender, membership_type_ID, duration_group_ID, role_ID) values ('wayne.pope171@mail.com', 'Wayne', 'Pope', '008537261769', '1975-5-18', 'm', 1, 3, 4);
insert into members_info (email, first_name, last_name, phone_number, birthday, gender, membership_type_ID, duration_group_ID, role_ID) values ('alasdair.williamson917@mail.com', 'Alasdair', 'Williamson', '027342212594', '1933-5-2', 'm', 2, 1, 4);
insert into members_info (email, first_name, last_name, phone_number, birthday, gender, membership_type_ID, duration_group_ID, role_ID) values ('jason.wise964@mail.com', 'Jason', 'Wise', '051215963776', '1934-2-11', 'm', 1, 4, 4);
insert into members_info (email, first_name, last_name, phone_number, birthday, gender, membership_type_ID, duration_group_ID, role_ID) values ('lewis.richardson793@mail.com', 'Lewis', 'Richardson', '020401486927', '1952-1-11', 'm', 2, 3, 4);
insert into members_info (email, first_name, last_name, phone_number, birthday, gender, membership_type_ID, duration_group_ID, role_ID) values ('lee.reeves495@mail.com', 'Lee', 'Reeves', '057642924726', '2015-2-15', 'm', 2, 2, 4);
insert into members_info (email, first_name, last_name, phone_number, birthday, gender, membership_type_ID, duration_group_ID, role_ID) values ('nicol.fernandez560@mail.com', 'Nicol', 'Fernandez', '041330811638', '1966-3-1', 'm', 1, 4, 4);
insert into members_info (email, first_name, last_name, phone_number, birthday, gender, membership_type_ID, duration_group_ID, role_ID) values ('brent.ortega685@mail.com', 'Brent', 'Ortega', '060680145834', '1941-1-15', 'm', 1, 1, 4);
insert into members_info (email, first_name, last_name, phone_number, birthday, gender, membership_type_ID, duration_group_ID, role_ID) values ('frederick.dennis561@mail.com', 'Frederick', 'Dennis', '046326156709', '1996-9-13', 'm', 2, 2, 4);
insert into members_info (email, first_name, last_name, phone_number, birthday, gender, membership_type_ID, duration_group_ID, role_ID) values ('johnston.salinas75@mail.com', 'Johnston', 'Salinas', '088743130575', '1977-7-15', 'm', 2, 3, 4);
insert into members_info (email, first_name, last_name, phone_number, birthday, gender, membership_type_ID, duration_group_ID, role_ID) values ('alexander.peterson728@mail.com', 'Alexander', 'Peterson', '054965842653', '2009-10-18', 'm', 2, 2, 4);
insert into members_info (email, first_name, last_name, phone_number, birthday, gender, membership_type_ID, duration_group_ID, role_ID) values ('tony.beil29@mail.com', 'Tony', 'Beil', '041022909183', '2000-1-23', 'm', 1, 4, 4);
insert into members_info (email, first_name, last_name, phone_number, birthday, gender, membership_type_ID, duration_group_ID, role_ID) values ('gordon.richards961@mail.com', 'Gordon', 'Richards', '061174445710', '2006-7-20', 'm', 2, 2, 4);
insert into members_info (email, first_name, last_name, phone_number, birthday, gender, membership_type_ID, duration_group_ID, role_ID) values ('mohammad.patel7@mail.com', 'Mohammad', 'Patel', '006329813136', '1991-5-25', 'm', 2, 2, 4);
insert into members_info (email, first_name, last_name, phone_number, birthday, gender, membership_type_ID, duration_group_ID, role_ID) values ('stewart.fuller304@mail.com', 'Stewart', 'Fuller', '029507876329', '2016-3-13', 'm', 1, 4, 4);
insert into members_info (email, first_name, last_name, phone_number, birthday, gender, membership_type_ID, duration_group_ID, role_ID) values ('michael.simmons228@mail.com', 'Michael', 'Simmons', '092839167633', '1940-1-22', 'm', 1, 2, 4);
insert into members_info (email, first_name, last_name, phone_number, birthday, gender, membership_type_ID, duration_group_ID, role_ID) values ('albert.andrade111@mail.com', 'Albert', 'Andrade', '080599086259', '1984-9-14', 'm', 1, 3, 4);
insert into members_info (email, first_name, last_name, phone_number, birthday, gender, membership_type_ID, duration_group_ID, role_ID) values ('neil.curtis824@mail.com', 'Neil', 'Curtis', '005449037405', '1967-8-1', 'm', 2, 3, 4);
insert into members_info (email, first_name, last_name, phone_number, birthday, gender, membership_type_ID, duration_group_ID, role_ID) values ('kerr.pierce251@mail.com', 'Kerr', 'Pierce', '084148366145', '1931-2-3', 'm', 2, 3, 4);
insert into members_info (email, first_name, last_name, phone_number, birthday, gender, membership_type_ID, duration_group_ID, role_ID) values ('colin.carpenter388@mail.com', 'Colin', 'Carpenter', '024940994731', '2007-2-11', 'm', 1, 2, 4);
insert into members_info (email, first_name, last_name, phone_number, birthday, gender, membership_type_ID, duration_group_ID, role_ID) values ('eric.huang717@mail.com', 'Eric', 'Huang', '019245143225', '1985-7-9', 'm', 1, 2, 4);
insert into members_info (email, first_name, last_name, phone_number, birthday, gender, membership_type_ID, duration_group_ID, role_ID) values ('terry.contreras509@mail.com', 'Terry', 'Contreras', '040540615135', '1940-8-19', 'm', 1, 2, 4);
insert into members_info (email, first_name, last_name, phone_number, birthday, gender, membership_type_ID, duration_group_ID, role_ID) values ('niall.adkins874@mail.com', 'Niall', 'Adkins', '017777958455', '1950-10-8', 'm', 1, 3, 4);
insert into members_info (email, first_name, last_name, phone_number, birthday, gender, membership_type_ID, duration_group_ID, role_ID) values ('alick.francis180@mail.com', 'Alick', 'Francis', '054145265786', '1992-3-10', 'm', 1, 3, 4);
insert into members_info (email, first_name, last_name, phone_number, birthday, gender, membership_type_ID, duration_group_ID, role_ID) values ('abdul.dominguez232@mail.com', 'Abdul', 'Dominguez', '035686299246', '1932-12-2', 'm', 1, 3, 4);
insert into members_info (email, first_name, last_name, phone_number, birthday, gender, membership_type_ID, duration_group_ID, role_ID) values ('roddy.liu882@mail.com', 'Roddy', 'Liu', '016565244982', '2000-1-26', 'm', 2, 3, 4);
insert into members_info (email, first_name, last_name, phone_number, birthday, gender, membership_type_ID, duration_group_ID, role_ID) values ('george.martinez880@mail.com', 'George', 'Martinez', '074675056907', '2005-9-5', 'm', 1, 2, 4);
insert into members_info (email, first_name, last_name, phone_number, birthday, gender, membership_type_ID, duration_group_ID, role_ID) values ('chad.wade573@mail.com', 'Chad', 'Wade', '045091886953', '1993-8-26', 'm', 1, 2, 4);
insert into members_info (email, first_name, last_name, phone_number, birthday, gender, membership_type_ID, duration_group_ID, role_ID) values ('elliott.hampton500@mail.com', 'Elliott', 'Hampton', '020394510469', '1932-7-19', 'm', 1, 3, 4);
insert into members_info (email, first_name, last_name, phone_number, birthday, gender, membership_type_ID, duration_group_ID, role_ID) values ('maxwell.goodman167@mail.com', 'Maxwell', 'Goodman', '086470247019', '2002-2-19', 'm', 2, 2, 4);
insert into members_info (email, first_name, last_name, phone_number, birthday, gender, membership_type_ID, duration_group_ID, role_ID) values ('hector.olson805@mail.com', 'Hector', 'Olson', '013134639531', '1938-4-11', 'm', 2, 1, 4);
insert into members_info (email, first_name, last_name, phone_number, birthday, gender, membership_type_ID, duration_group_ID, role_ID) values ('julian.shah283@mail.com', 'Julian', 'Shah', '069732432071', '2019-8-21', 'm', 1, 3, 4);
insert into members_info (email, first_name, last_name, phone_number, birthday, gender, membership_type_ID, duration_group_ID, role_ID) values ('andre.manning555@mail.com', 'Andre', 'Manning', '066432604426', '1983-2-21', 'm', 1, 2, 4);
insert into members_info (email, first_name, last_name, phone_number, birthday, gender, membership_type_ID, duration_group_ID, role_ID) values ('ceri.harvey161@mail.com', 'Ceri', 'Harvey', '017710807306', '2007-3-7', 'm', 1, 3, 4);
insert into members_info (email, first_name, last_name, phone_number, birthday, gender, membership_type_ID, duration_group_ID, role_ID) values ('marc.baker574@mail.com', 'Marc', 'Baker', '041855815499', '1983-4-5', 'm', 1, 2, 4);
insert into members_info (email, first_name, last_name, phone_number, birthday, gender, membership_type_ID, duration_group_ID, role_ID) values ('andre.rivera710@mail.com', 'Andre', 'Rivera', '002382156987', '1954-7-12', 'm', 2, 4, 4);
insert into members_info (email, first_name, last_name, phone_number, birthday, gender, membership_type_ID, duration_group_ID, role_ID) values ('atholl.escobar773@mail.com', 'Atholl', 'Escobar', '012768890048', '2007-8-2', 'm', 1, 3, 4);
insert into members_info (email, first_name, last_name, phone_number, birthday, gender, membership_type_ID, duration_group_ID, role_ID) values ('owen.parker789@mail.com', 'Owen', 'Parker', '044877787715', '2013-6-27', 'm', 1, 2, 4);
insert into members_info (email, first_name, last_name, phone_number, birthday, gender, membership_type_ID, duration_group_ID, role_ID) values ('roland.arias368@mail.com', 'Roland', 'Arias', '042390989915', '2004-7-17', 'm', 2, 3, 4);
insert into members_info (email, first_name, last_name, phone_number, birthday, gender, membership_type_ID, duration_group_ID, role_ID) values ('karl.farmer532@mail.com', 'Karl', 'Farmer', '058853505506', '1935-2-22', 'm', 1, 1, 4);
insert into members_info (email, first_name, last_name, phone_number, birthday, gender, membership_type_ID, duration_group_ID, role_ID) values ('rennie.mercado740@mail.com', 'Rennie', 'Mercado', '067956668155', '2016-6-24', 'm', 2, 3, 4);
insert into members_info (email, first_name, last_name, phone_number, birthday, gender, membership_type_ID, duration_group_ID, role_ID) values ('stefano.foster571@mail.com', 'Stefano', 'Foster', '063314148658', '1967-4-6', 'm', 1, 4, 4);
insert into members_info (email, first_name, last_name, phone_number, birthday, gender, membership_type_ID, duration_group_ID, role_ID) values ('steve.carrillo281@mail.com', 'Steve', 'Carrillo', '029840107588', '1948-12-19', 'm', 1, 3, 4);
insert into members_info (email, first_name, last_name, phone_number, birthday, gender, membership_type_ID, duration_group_ID, role_ID) values ('campbell.russell928@mail.com', 'Campbell', 'Russell', '022094531809', '1997-6-27', 'm', 1, 1, 4);
insert into members_info (email, first_name, last_name, phone_number, birthday, gender, membership_type_ID, duration_group_ID, role_ID) values ('geoff.rivas378@mail.com', 'Geoff', 'Rivas', '000536532964', '1996-6-26', 'm', 1, 2, 4);
insert into members_info (email, first_name, last_name, phone_number, birthday, gender, membership_type_ID, duration_group_ID, role_ID) values ('barrie.butler893@mail.com', 'Barrie', 'Butler', '056988189480', '1934-6-16', 'm', 1, 1, 4);
insert into members_info (email, first_name, last_name, phone_number, birthday, gender, membership_type_ID, duration_group_ID, role_ID) values ('morris.adams151@mail.com', 'Morris', 'Adams', '072750726010', '1989-1-1', 'm', 1, 3, 4);
insert into members_info (email, first_name, last_name, phone_number, birthday, gender, membership_type_ID, duration_group_ID, role_ID) values ('thomas.charles90@mail.com', 'Thomas', 'Charles', '034261922225', '1978-1-25', 'm', 1, 2, 4);
insert into members_info (email, first_name, last_name, phone_number, birthday, gender, membership_type_ID, duration_group_ID, role_ID) values ('lorne.nelson137@mail.com', 'Lorne', 'Nelson', '021628806428', '1982-4-19', 'm', 2, 2, 4);
insert into members_info (email, first_name, last_name, phone_number, birthday, gender, membership_type_ID, duration_group_ID, role_ID) values ('nicolas.rivera142@mail.com', 'Nicolas', 'Rivera', '057635417711', '1982-4-1', 'm', 1, 1, 4);
insert into members_info (email, first_name, last_name, phone_number, birthday, gender, membership_type_ID, duration_group_ID, role_ID) values ('alick.holland813@mail.com', 'Alick', 'Holland', '027427255371', '2009-5-3', 'm', 1, 2, 4);
insert into members_info (email, first_name, last_name, phone_number, birthday, gender, membership_type_ID, duration_group_ID, role_ID) values ('nathaniel.bowen141@mail.com', 'Nathaniel', 'Bowen', '069235749894', '1949-6-17', 'm', 2, 2, 4);
insert into members_info (email, first_name, last_name, phone_number, birthday, gender, membership_type_ID, duration_group_ID, role_ID) values ('christian.morrow501@mail.com', 'Christian', 'Morrow', '091716968322', '2013-1-10', 'm', 2, 3, 4);
insert into members_info (email, first_name, last_name, phone_number, birthday, gender, membership_type_ID, duration_group_ID, role_ID) values ('mari.gregory442@mail.com', 'Mari', 'Gregory', '089966795147', '1940-4-20', 'f', 1, 3, 4);
insert into members_info (email, first_name, last_name, phone_number, birthday, gender, membership_type_ID, duration_group_ID, role_ID) values ('hayley.short102@mail.com', 'Hayley', 'Short', '051506587250', '2007-4-24', 'f', 2, 3, 4);
insert into members_info (email, first_name, last_name, phone_number, birthday, gender, membership_type_ID, duration_group_ID, role_ID) values ('carolyn.guerra220@mail.com', 'Carolyn', 'Guerra', '001536929606', '1996-8-6', 'f', 1, 3, 4);
insert into members_info (email, first_name, last_name, phone_number, birthday, gender, membership_type_ID, duration_group_ID, role_ID) values ('francesca.moody742@mail.com', 'Francesca', 'Moody', '092127432477', '1934-11-21', 'f', 1, 1, 4);
insert into members_info (email, first_name, last_name, phone_number, birthday, gender, membership_type_ID, duration_group_ID, role_ID) values ('connie.gardner32@mail.com', 'Connie', 'Gardner', '008945222228', '1963-6-8', 'f', 1, 2, 4);
insert into members_info (email, first_name, last_name, phone_number, birthday, gender, membership_type_ID, duration_group_ID, role_ID) values ('corrine.mcbride808@mail.com', 'Corrine', 'Mcbride', '059967691743', '2001-2-6', 'f', 1, 2, 4);
insert into members_info (email, first_name, last_name, phone_number, birthday, gender, membership_type_ID, duration_group_ID, role_ID) values ('nancy.bailey549@mail.com', 'Nancy', 'Bailey', '085958271528', '1950-10-13', 'f', 1, 3, 4);
insert into members_info (email, first_name, last_name, phone_number, birthday, gender, membership_type_ID, duration_group_ID, role_ID) values ('janette.hodges345@mail.com', 'Janette', 'Hodges', '094999301628', '2007-5-26', 'f', 2, 2, 4);
insert into members_info (email, first_name, last_name, phone_number, birthday, gender, membership_type_ID, duration_group_ID, role_ID) values ('judith.vaughn262@mail.com', 'Judith', 'Vaughn', '061674478062', '1971-5-6', 'f', 1, 3, 4);
insert into members_info (email, first_name, last_name, phone_number, birthday, gender, membership_type_ID, duration_group_ID, role_ID) values ('lynette.cole569@mail.com', 'Lynette', 'Cole', '028048871822', '1936-6-6', 'f', 1, 2, 4);
insert into members_info (email, first_name, last_name, phone_number, birthday, gender, membership_type_ID, duration_group_ID, role_ID) values ('faye.liu395@mail.com', 'Faye', 'Liu', '029081547757', '1983-8-18', 'f', 1, 3, 4);
insert into members_info (email, first_name, last_name, phone_number, birthday, gender, membership_type_ID, duration_group_ID, role_ID) values ('hilary.franklin333@mail.com', 'Hilary', 'Franklin', '087783896425', '1963-9-21', 'f', 2, 2, 4);
insert into members_info (email, first_name, last_name, phone_number, birthday, gender, membership_type_ID, duration_group_ID, role_ID) values ('tammy.blair85@mail.com', 'Tammy', 'Blair', '081772155516', '1965-4-5', 'f', 1, 1, 4);
insert into members_info (email, first_name, last_name, phone_number, birthday, gender, membership_type_ID, duration_group_ID, role_ID) values ('mairi.rosales287@mail.com', 'Mairi', 'Rosales', '005260304812', '1957-9-26', 'f', 2, 2, 4);
insert into members_info (email, first_name, last_name, phone_number, birthday, gender, membership_type_ID, duration_group_ID, role_ID) values ('lyn.jenkins614@mail.com', 'Lyn', 'Jenkins', '051259459923', '1987-9-11', 'f', 2, 1, 4);
insert into members_info (email, first_name, last_name, phone_number, birthday, gender, membership_type_ID, duration_group_ID, role_ID) values ('penelope.olson467@mail.com', 'Penelope', 'Olson', '026109733446', '2010-5-26', 'f', 1, 3, 4);
insert into members_info (email, first_name, last_name, phone_number, birthday, gender, membership_type_ID, duration_group_ID, role_ID) values ('faye.day771@mail.com', 'Faye', 'Day', '099718356786', '1963-8-24', 'f', 1, 3, 4);
insert into members_info (email, first_name, last_name, phone_number, birthday, gender, membership_type_ID, duration_group_ID, role_ID) values ('sian.garner450@mail.com', 'Sian', 'Garner', '081935754324', '1982-6-18', 'f', 1, 2, 4);
insert into members_info (email, first_name, last_name, phone_number, birthday, gender, membership_type_ID, duration_group_ID, role_ID) values ('louise.west272@mail.com', 'Louise', 'West', '048856728915', '1992-9-12', 'f', 1, 3, 4);
insert into members_info (email, first_name, last_name, phone_number, birthday, gender, membership_type_ID, duration_group_ID, role_ID) values ('olga.francis797@mail.com', 'Olga', 'Francis', '063278027605', '2002-12-25', 'f', 1, 3, 4);
insert into members_info (email, first_name, last_name, phone_number, birthday, gender, membership_type_ID, duration_group_ID, role_ID) values ('joanna.parker316@mail.com', 'Joanna', 'Parker', '086654199924', '1956-7-24', 'f', 2, 3, 4);
insert into members_info (email, first_name, last_name, phone_number, birthday, gender, membership_type_ID, duration_group_ID, role_ID) values ('samantha.montgomery192@mail.com', 'Samantha', 'Montgomery', '078736417490', '1961-3-10', 'f', 1, 2, 4);
insert into members_info (email, first_name, last_name, phone_number, birthday, gender, membership_type_ID, duration_group_ID, role_ID) values ('kimberly.wolf194@mail.com', 'Kimberly', 'Wolf', '089378836160', '1935-10-18', 'f', 1, 2, 4);
insert into members_info (email, first_name, last_name, phone_number, birthday, gender, membership_type_ID, duration_group_ID, role_ID) values ('kimberley.mueller106@mail.com', 'Kimberley', 'Mueller', '066112230092', '1954-6-26', 'f', 1, 3, 4);
insert into members_info (email, first_name, last_name, phone_number, birthday, gender, membership_type_ID, duration_group_ID, role_ID) values ('valerie.elliott979@mail.com', 'Valerie', 'Elliott', '091938306975', '1941-4-11', 'f', 2, 3, 4);
insert into members_info (email, first_name, last_name, phone_number, birthday, gender, membership_type_ID, duration_group_ID, role_ID) values ('jessica.bryant886@mail.com', 'Jessica', 'Bryant', '009088535179', '1957-12-1', 'f', 1, 3, 4);
insert into members_info (email, first_name, last_name, phone_number, birthday, gender, membership_type_ID, duration_group_ID, role_ID) values ('kate.lindsey433@mail.com', 'Kate', 'Lindsey', '016347194021', '2002-7-18', 'f', 1, 1, 4);
insert into members_info (email, first_name, last_name, phone_number, birthday, gender, membership_type_ID, duration_group_ID, role_ID) values ('carolyne.wong195@mail.com', 'Carolyne', 'Wong', '010082846405', '1942-10-9', 'f', 1, 1, 4);
insert into members_info (email, first_name, last_name, phone_number, birthday, gender, membership_type_ID, duration_group_ID, role_ID) values ('marisa.alvarado712@mail.com', 'Marisa', 'Alvarado', '018612875270', '1986-4-24', 'f', 1, 3, 4);
insert into members_info (email, first_name, last_name, phone_number, birthday, gender, membership_type_ID, duration_group_ID, role_ID) values ('adele.velasquez99@mail.com', 'Adele', 'Velasquez', '043289132408', '2005-12-5', 'f', 2, 1, 4);
insert into members_info (email, first_name, last_name, phone_number, birthday, gender, membership_type_ID, duration_group_ID, role_ID) values ('roisin.silva11@mail.com', 'Roisin', 'Silva', '070858563987', '1963-10-13', 'f', 1, 2, 4);
insert into members_info (email, first_name, last_name, phone_number, birthday, gender, membership_type_ID, duration_group_ID, role_ID) values ('justine.greer247@mail.com', 'Justine', 'Greer', '086670346907', '1977-2-24', 'f', 2, 4, 4);
insert into members_info (email, first_name, last_name, phone_number, birthday, gender, membership_type_ID, duration_group_ID, role_ID) values ('amanda-jane.hughes975@mail.com', 'Amanda-Jane', 'Hughes', '028364672522', '1961-5-27', 'f', 1, 3, 4);
insert into members_info (email, first_name, last_name, phone_number, birthday, gender, membership_type_ID, duration_group_ID, role_ID) values ('vivien.stephens551@mail.com', 'Vivien', 'Stephens', '090753704855', '1981-4-1', 'f', 2, 2, 4);
insert into members_info (email, first_name, last_name, phone_number, birthday, gender, membership_type_ID, duration_group_ID, role_ID) values ('corinne.nicholson355@mail.com', 'Corinne', 'Nicholson', '094647256808', '1975-9-1', 'f', 2, 2, 4);
insert into members_info (email, first_name, last_name, phone_number, birthday, gender, membership_type_ID, duration_group_ID, role_ID) values ('isabel.wang706@mail.com', 'Isabel', 'Wang', '028932428339', '1983-5-7', 'f', 2, 2, 4);
insert into members_info (email, first_name, last_name, phone_number, birthday, gender, membership_type_ID, duration_group_ID, role_ID) values ('sarah-jane.george400@mail.com', 'Sarah-Jane', 'George', '088971461006', '1961-2-12', 'f', 1, 3, 4);
insert into members_info (email, first_name, last_name, phone_number, birthday, gender, membership_type_ID, duration_group_ID, role_ID) values ('donna.miles287@mail.com', 'Donna', 'Miles', '052731701746', '1952-1-27', 'f', 1, 1, 4);
insert into members_info (email, first_name, last_name, phone_number, birthday, gender, membership_type_ID, duration_group_ID, role_ID) values ('lindsay.hamilton915@mail.com', 'Lindsay', 'Hamilton', '049145555022', '1991-11-26', 'f', 1, 3, 4);
insert into members_info (email, first_name, last_name, phone_number, birthday, gender, membership_type_ID, duration_group_ID, role_ID) values ('madeleine.pacheco231@mail.com', 'Madeleine', 'Pacheco', '039961592359', '1955-1-6', 'f', 2, 2, 4);
insert into members_info (email, first_name, last_name, phone_number, birthday, gender, membership_type_ID, duration_group_ID, role_ID) values ('samantha.tucker89@mail.com', 'Samantha', 'Tucker', '014783791406', '1944-9-15', 'f', 2, 1, 4);
insert into members_info (email, first_name, last_name, phone_number, birthday, gender, membership_type_ID, duration_group_ID, role_ID) values ('sylvia.barber718@mail.com', 'Sylvia', 'Barber', '013798643897', '2018-2-15', 'f', 1, 4, 4);
insert into members_info (email, first_name, last_name, phone_number, birthday, gender, membership_type_ID, duration_group_ID, role_ID) values ('sally.leon231@mail.com', 'Sally', 'Leon', '090728661037', '1998-6-16', 'f', 2, 1, 4);
insert into members_info (email, first_name, last_name, phone_number, birthday, gender, membership_type_ID, duration_group_ID, role_ID) values ('eva.wise714@mail.com', 'Eva', 'Wise', '072718073038', '2002-10-21', 'f', 1, 2, 4);
insert into members_info (email, first_name, last_name, phone_number, birthday, gender, membership_type_ID, duration_group_ID, role_ID) values ('anna.howell832@mail.com', 'Anna', 'Howell', '037904345515', '1950-2-3', 'f', 1, 1, 4);
insert into members_info (email, first_name, last_name, phone_number, birthday, gender, membership_type_ID, duration_group_ID, role_ID) values ('laura.anderson782@mail.com', 'Laura', 'Anderson', '055228541237', '2011-12-2', 'f', 2, 3, 4);
insert into members_info (email, first_name, last_name, phone_number, birthday, gender, membership_type_ID, duration_group_ID, role_ID) values ('carolyne.russell647@mail.com', 'Carolyne', 'Russell', '010257637599', '1942-2-8', 'f', 1, 1, 4);
insert into members_info (email, first_name, last_name, phone_number, birthday, gender, membership_type_ID, duration_group_ID, role_ID) values ('jean.mcdaniel272@mail.com', 'Jean', 'Mcdaniel', '055761075603', '1936-8-25', 'f', 2, 2, 4);
insert into members_info (email, first_name, last_name, phone_number, birthday, gender, membership_type_ID, duration_group_ID, role_ID) values ('madeleine.barker532@mail.com', 'Madeleine', 'Barker', '006186735757', '2000-7-4', 'f', 1, 3, 4);
insert into members_info (email, first_name, last_name, phone_number, birthday, gender, membership_type_ID, duration_group_ID, role_ID) values ('dionne.lin506@mail.com', 'Dionne', 'Lin', '098256165015', '1991-10-13', 'f', 1, 3, 4);
insert into members_info (email, first_name, last_name, phone_number, birthday, gender, membership_type_ID, duration_group_ID, role_ID) values ('angeline.clark881@mail.com', 'Angeline', 'Clark', '048508028335', '1968-10-26', 'f', 2, 2, 4);
insert into members_info (email, first_name, last_name, phone_number, birthday, gender, membership_type_ID, duration_group_ID, role_ID) values ('dana.morrison454@mail.com', 'Dana', 'Morrison', '075325517684', '1994-2-6', 'f', 1, 2, 4);
insert into members_info (email, first_name, last_name, phone_number, birthday, gender, membership_type_ID, duration_group_ID, role_ID) values ('kelly.ellis975@mail.com', 'Kelly', 'Ellis', '021833261362', '1942-6-26', 'f', 1, 3, 4);
insert into members_info (email, first_name, last_name, phone_number, birthday, gender, membership_type_ID, duration_group_ID, role_ID) values ('lee-ann.hayes264@mail.com', 'Lee-Ann', 'Hayes', '086595914206', '1936-7-26', 'f', 2, 2, 4);
insert into members_info (email, first_name, last_name, phone_number, birthday, gender, membership_type_ID, duration_group_ID, role_ID) values ('valerie.acosta956@mail.com', 'Valerie', 'Acosta', '097599040894', '1951-11-7', 'f', 2, 1, 4);
insert into members_info (email, first_name, last_name, phone_number, birthday, gender, membership_type_ID, duration_group_ID, role_ID) values ('melissa.black945@mail.com', 'Melissa', 'Black', '087537789796', '1967-8-12', 'f', 1, 2, 4);
insert into members_info (email, first_name, last_name, phone_number, birthday, gender, membership_type_ID, duration_group_ID, role_ID) values ('isabel.mitchell234@mail.com', 'Isabel', 'Mitchell', '082083420531', '1952-3-3', 'f', 1, 2, 4);
insert into members_info (email, first_name, last_name, phone_number, birthday, gender, membership_type_ID, duration_group_ID, role_ID) values ('anna.nicholson445@mail.com', 'Anna', 'Nicholson', '082700081822', '1930-7-22', 'f', 2, 2, 4);
insert into members_info (email, first_name, last_name, phone_number, birthday, gender, membership_type_ID, duration_group_ID, role_ID) values ('tara.mueller833@mail.com', 'Tara', 'Mueller', '042193342870', '2009-2-26', 'f', 1, 3, 4);
insert into members_info (email, first_name, last_name, phone_number, birthday, gender, membership_type_ID, duration_group_ID, role_ID) values ('cindy.bowman48@mail.com', 'Cindy', 'Bowman', '089825774128', '2007-9-9', 'f', 2, 3, 4);
insert into members_info (email, first_name, last_name, phone_number, birthday, gender, membership_type_ID, duration_group_ID, role_ID) values ('marion.pena405@mail.com', 'Marion', 'Pena', '004480517907', '1959-10-22', 'f', 1, 3, 4);
insert into members_info (email, first_name, last_name, phone_number, birthday, gender, membership_type_ID, duration_group_ID, role_ID) values ('vanessa.davidson497@mail.com', 'Vanessa', 'Davidson', '039801661008', '1940-7-14', 'f', 1, 3, 4);
insert into members_info (email, first_name, last_name, phone_number, birthday, gender, membership_type_ID, duration_group_ID, role_ID) values ('sonya.sherman927@mail.com', 'Sonya', 'Sherman', '027888323441', '1989-2-11', 'f', 1, 3, 4);
insert into members_info (email, first_name, last_name, phone_number, birthday, gender, membership_type_ID, duration_group_ID, role_ID) values ('tracey.miles420@mail.com', 'Tracey', 'Miles', '028979144652', '1946-11-7', 'f', 1, 2, 4);
insert into members_info (email, first_name, last_name, phone_number, birthday, gender, membership_type_ID, duration_group_ID, role_ID) values ('leeanne.mann686@mail.com', 'Leeanne', 'Mann', '058544182362', '1975-12-21', 'f', 1, 3, 4);
insert into members_info (email, first_name, last_name, phone_number, birthday, gender, membership_type_ID, duration_group_ID, role_ID) values ('marilyn.baker271@mail.com', 'Marilyn', 'Baker', '039017606997', '1961-5-3', 'f', 2, 3, 4);
insert into members_info (email, first_name, last_name, phone_number, birthday, gender, membership_type_ID, duration_group_ID, role_ID) values ('joanna.burns294@mail.com', 'Joanna', 'Burns', '010101241427', '2011-2-8', 'f', 1, 2, 4);
insert into members_info (email, first_name, last_name, phone_number, birthday, gender, membership_type_ID, duration_group_ID, role_ID) values ('kay.morris660@mail.com', 'Kay', 'Morris', '021730969076', '1938-1-10', 'f', 2, 2, 4);
insert into members_info (email, first_name, last_name, phone_number, birthday, gender, membership_type_ID, duration_group_ID, role_ID) values ('alexandria.peterson920@mail.com', 'Alexandria', 'Peterson', '091003654659', '2012-4-25', 'f', 1, 1, 4);
insert into members_info (email, first_name, last_name, phone_number, birthday, gender, membership_type_ID, duration_group_ID, role_ID) values ('dionne.cohen825@mail.com', 'Dionne', 'Cohen', '067005747664', '1969-1-12', 'f', 1, 2, 4);
insert into members_info (email, first_name, last_name, phone_number, birthday, gender, membership_type_ID, duration_group_ID, role_ID) values ('carolyn.gutierrez986@mail.com', 'Carolyn', 'Gutierrez', '076446430778', '2020-9-4', 'f', 2, 2, 4);
insert into members_info (email, first_name, last_name, phone_number, birthday, gender, membership_type_ID, duration_group_ID, role_ID) values ('dionne.aguirre463@mail.com', 'Dionne', 'Aguirre', '015240035298', '2013-4-8', 'f', 1, 2, 4);
insert into members_info (email, first_name, last_name, phone_number, birthday, gender, membership_type_ID, duration_group_ID, role_ID) values ('maxine.figueroa80@mail.com', 'Maxine', 'Figueroa', '087412483970', '2017-1-19', 'f', 1, 2, 4);
insert into members_info (email, first_name, last_name, phone_number, birthday, gender, membership_type_ID, duration_group_ID, role_ID) values ('jocelyn.cook909@mail.com', 'Jocelyn', 'Cook', '072432109709', '1965-8-6', 'f', 2, 2, 4);
insert into members_info (email, first_name, last_name, phone_number, birthday, gender, membership_type_ID, duration_group_ID, role_ID) values ('wilma.sanders991@mail.com', 'Wilma', 'Sanders', '046880143154', '1949-12-27', 'f', 1, 1, 4);
insert into members_info (email, first_name, last_name, phone_number, birthday, gender, membership_type_ID, duration_group_ID, role_ID) values ('gael.peterson307@mail.com', 'Gael', 'Peterson', '000440825167', '1998-4-13', 'f', 2, 1, 4);
insert into members_info (email, first_name, last_name, phone_number, birthday, gender, membership_type_ID, duration_group_ID, role_ID) values ('tracy.lozano153@mail.com', 'Tracy', 'Lozano', '016364618743', '2000-9-26', 'f', 2, 1, 4);
insert into members_info (email, first_name, last_name, phone_number, birthday, gender, membership_type_ID, duration_group_ID, role_ID) values ('lyndsay.dawson703@mail.com', 'Lyndsay', 'Dawson', '071938981893', '2000-1-21', 'f', 1, 4, 4);
insert into members_info (email, first_name, last_name, phone_number, birthday, gender, membership_type_ID, duration_group_ID, role_ID) values ('adrienne.haynes545@mail.com', 'Adrienne', 'Haynes', '089544223732', '1991-2-22', 'f', 1, 2, 4);
insert into members_info (email, first_name, last_name, phone_number, birthday, gender, membership_type_ID, duration_group_ID, role_ID) values ('lesley.olson903@mail.com', 'Lesley', 'Olson', '087796200141', '1935-10-25', 'f', 2, 1, 4);
insert into members_info (email, first_name, last_name, phone_number, birthday, gender, membership_type_ID, duration_group_ID, role_ID) values ('alana.cummings507@mail.com', 'Alana', 'Cummings', '086982397411', '2011-10-3', 'f', 1, 3, 4);
insert into members_info (email, first_name, last_name, phone_number, birthday, gender, membership_type_ID, duration_group_ID, role_ID) values ('pamela.williams177@mail.com', 'Pamela', 'Williams', '086838109775', '2017-3-25', 'f', 1, 3, 4);
insert into members_info (email, first_name, last_name, phone_number, birthday, gender, membership_type_ID, duration_group_ID, role_ID) values ('sarah.juarez416@mail.com', 'Sarah', 'Juarez', '064061424369', '2016-4-27', 'f', 1, 2, 4);
insert into members_info (email, first_name, last_name, phone_number, birthday, gender, membership_type_ID, duration_group_ID, role_ID) values ('melissa.reynolds549@mail.com', 'Melissa', 'Reynolds', '030982798698', '1956-11-9', 'f', 1, 2, 4);
insert into members_info (email, first_name, last_name, phone_number, birthday, gender, membership_type_ID, duration_group_ID, role_ID) values ('rachael.tran803@mail.com', 'Rachael', 'Tran', '085836206567', '1951-12-24', 'f', 1, 2, 4);
insert into members_info (email, first_name, last_name, phone_number, birthday, gender, membership_type_ID, duration_group_ID, role_ID) values ('samantha.moss544@mail.com', 'Samantha', 'Moss', '065231465541', '2000-12-18', 'f', 2, 3, 4);
insert into members_info (email, first_name, last_name, phone_number, birthday, gender, membership_type_ID, duration_group_ID, role_ID) values ('morag.patterson574@mail.com', 'Morag', 'Patterson', '088324572037', '1993-8-15', 'f', 2, 1, 4);
insert into members_info (email, first_name, last_name, phone_number, birthday, gender, membership_type_ID, duration_group_ID, role_ID) values ('kirsteen.walton586@mail.com', 'Kirsteen', 'Walton', '026071912680', '1964-11-16', 'f', 1, 3, 4);
insert into members_info (email, first_name, last_name, phone_number, birthday, gender, membership_type_ID, duration_group_ID, role_ID) values ('isobel.hardy956@mail.com', 'Isobel', 'Hardy', '004525061161', '1982-4-14', 'f', 1, 2, 4);
insert into members_info (email, first_name, last_name, phone_number, birthday, gender, membership_type_ID, duration_group_ID, role_ID) values ('lorraine.hughes924@mail.com', 'Lorraine', 'Hughes', '081188829795', '1936-7-24', 'f', 1, 1, 4);
insert into members_info (email, first_name, last_name, phone_number, birthday, gender, membership_type_ID, duration_group_ID, role_ID) values ('kelly.carrillo826@mail.com', 'Kelly', 'Carrillo', '040370240770', '1944-3-17', 'f', 1, 3, 4);
insert into members_info (email, first_name, last_name, phone_number, birthday, gender, membership_type_ID, duration_group_ID, role_ID) values ('alexis.orozco837@mail.com', 'Alexis', 'Orozco', '035483148549', '2008-10-13', 'f', 2, 2, 4);
insert into members_info (email, first_name, last_name, phone_number, birthday, gender, membership_type_ID, duration_group_ID, role_ID) values ('tracey.guerrero185@mail.com', 'Tracey', 'Guerrero', '006504577017', '1933-1-13', 'f', 1, 2, 4);
insert into members_info (email, first_name, last_name, phone_number, birthday, gender, membership_type_ID, duration_group_ID, role_ID) values ('bridget.wang613@mail.com', 'Bridget', 'Wang', '091120180895', '1995-8-20', 'f', 1, 2, 4);
insert into members_info (email, first_name, last_name, phone_number, birthday, gender, membership_type_ID, duration_group_ID, role_ID) values ('roisin.serrano86@mail.com', 'Roisin', 'Serrano', '001091785768', '1953-9-22', 'f', 1, 3, 4);
insert into members_info (email, first_name, last_name, phone_number, birthday, gender, membership_type_ID, duration_group_ID, role_ID) values ('anna.luna362@mail.com', 'Anna', 'Luna', '077660040524', '2006-3-3', 'f', 1, 3, 4);
insert into members_info (email, first_name, last_name, phone_number, birthday, gender, membership_type_ID, duration_group_ID, role_ID) values ('josephine.castro437@mail.com', 'Josephine', 'Castro', '073606757048', '1994-7-21', 'f', 1, 2, 4);
insert into members_info (email, first_name, last_name, phone_number, birthday, gender, membership_type_ID, duration_group_ID, role_ID) values ('eve.camacho145@mail.com', 'Eve', 'Camacho', '048412632386', '2011-3-11', 'f', 1, 3, 4);
insert into members_info (email, first_name, last_name, phone_number, birthday, gender, membership_type_ID, duration_group_ID, role_ID) values ('marlene.schwartz7@mail.com', 'Marlene', 'Schwartz', '047435179005', '2015-11-5', 'f', 1, 3, 4);
insert into members_info (email, first_name, last_name, phone_number, birthday, gender, membership_type_ID, duration_group_ID, role_ID) values ('angie.moran995@mail.com', 'Angie', 'Moran', '071852782043', '1972-11-27', 'f', 2, 3, 4);