insert into age_groups (age_group_ID, age_group_name, discount) values (1, 'kids', 50);
insert into age_groups (age_group_ID, age_group_name, discount) values (2, 'teenagers', 30);
insert into age_groups (age_group_ID, age_group_name, discount) values (3, 'adults', 0);
insert into age_groups (age_group_ID, age_group_name, discount) values (4, 'seniors', 20);

insert into sports (sport_ID, sport_name, sport_type, professionalism_ID) values (1, 'soccer', 'team', 1);
insert into sports (sport_ID, sport_name, sport_type, professionalism_ID) values (2, 'soccer', 'team', 2);
insert into sports (sport_ID, sport_name, sport_type, professionalism_ID) values (3, 'tennis', 'single', 1);
insert into sports (sport_ID, sport_name, sport_type, professionalism_ID) values (4, 'tennis', 'single', 2);
insert into sports (sport_ID, sport_name, sport_type, professionalism_ID) values (5, 'volleyball', 'team', 1);
insert into sports (sport_ID, sport_name, sport_type, professionalism_ID) values (6, 'volleyball', 'team', 2);
insert into sports (sport_ID, sport_name, sport_type, professionalism_ID) values (7, 'gymnastics', 'single', 1);
insert into sports (sport_ID, sport_name, sport_type, professionalism_ID) values (8, 'gymnastics', 'single', 2);
insert into sports (sport_ID, sport_name, sport_type, professionalism_ID) values (9, 'handball', 'team', 1);
insert into sports (sport_ID, sport_name, sport_type, professionalism_ID) values (10, 'handball', 'team', 2);
insert into sports (sport_ID, sport_name, sport_type, professionalism_ID) values (11, 'swimming', 'single', 1);
insert into sports (sport_ID, sport_name, sport_type, professionalism_ID) values (12, 'swimming', 'single', 2);

insert into professionalisms (professionalism_ID, prof_name, discount) values (1, 'professional', 50);
insert into professionalisms (professionalism_ID, prof_name, discount) values (2, 'hobby', 0);

insert into roles (role_ID, role_name, all_rights, most_rights, some_rights) values (1, 'admin', TRUE, FALSE, FALSE);
insert into roles (role_ID, role_name, all_rights, most_rights, some_rights) values (2, 'president', FALSE, TRUE, FALSE);
insert into roles (role_ID, role_name, all_rights, most_rights, some_rights) values (3, 'chairman', FALSE, FALSE, TRUE);
insert into roles (role_ID, role_name, all_rights, most_rights, some_rights) values (4, 'regular', FALSE, FALSE, FALSE);


insert into duration_groups (duration_group_ID, duration_group_name, discount) values (1, 'newbies', 0);
insert into duration_groups (duration_group_ID, duration_group_name, discount) values (2, 'regulars', 10);
insert into duration_groups (duration_group_ID, duration_group_name, discount) values (3, 'longtimers', 20);
insert into duration_groups (duration_group_ID, duration_group_name, discount) values (4, 'legends', 30);

insert into memberships (membership_type_ID, membership_name, price) values (1, 'active', 120);
insert into memberships (membership_type_ID, membership_name, price) values (2, 'passive', 50);

insert into members (member_ID, email, pw) values (1, 'admin.adminton123@mail.com', 'password');
insert into members (member_ID, email, pw) values (2, 'connell.arias119@mail.com', 'WXqcZgxK');
insert into members (member_ID, email, pw) values (3, 'jacob.olson343@mail.com', 'MyMtGYiH');
insert into members (member_ID, email, pw) values (4, 'gidon.ibarra616@mail.com', 'oJLdKjeM');
insert into members (member_ID, email, pw) values (5, 'ceri.carrillo807@mail.com', 'PympOttO');
insert into members (member_ID, email, pw) values (6, 'dustin.cummings893@mail.com', 'szZDjcaN');
insert into members (member_ID, email, pw) values (7, 'drew.ball272@mail.com', 'XCQcQfxH');
insert into members (member_ID, email, pw) values (8, 'alec.flynn126@mail.com', 'qSJccZvl');
insert into members (member_ID, email, pw) values (9, 'hugh.jenkins333@mail.com', 'jycMBmhh');
insert into members (member_ID, email, pw) values (10, 'alisdair.paul442@mail.com', 'UchizbxJ');
insert into members (member_ID, email, pw) values (11, 'colin.velasquez471@mail.com', 'olcIJOee');
insert into members (member_ID, email, pw) values (12, 'rodney.harris711@mail.com', 'cbkwNjTh');
insert into members (member_ID, email, pw) values (13, 'jeremy.kelley518@mail.com', 'DlysPNfZ');
insert into members (member_ID, email, pw) values (14, 'deryk.robinson993@mail.com', 'DiymhZyd');
insert into members (member_ID, email, pw) values (15, 'martin.robertson434@mail.com', 'HAdTnmex');
insert into members (member_ID, email, pw) values (16, 'iain.saunders148@mail.com', 'ZbwsBABM');
insert into members (member_ID, email, pw) values (17, 'nicol.jennings480@mail.com', 'TynHUqcq');
insert into members (member_ID, email, pw) values (18, 'desmond.maldonado741@mail.com', 'uPBqdhpd');
insert into members (member_ID, email, pw) values (19, 'kirk.bowman253@mail.com', 'JgAeUTVn');
insert into members (member_ID, email, pw) values (20, 'riccardo.franco441@mail.com', 'qogZcwvb');
insert into members (member_ID, email, pw) values (21, 'jacob.armstrong968@mail.com', 'FIziCfEr');
insert into members (member_ID, email, pw) values (22, 'murray.whitaker535@mail.com', 'VZwDWKic');
insert into members (member_ID, email, pw) values (23, 'ruaraidh.griffin469@mail.com', 'BkVXKGeS');
insert into members (member_ID, email, pw) values (24, 'myles.logan948@mail.com', 'DljuggSu');
insert into members (member_ID, email, pw) values (25, 'neill.zhang864@mail.com', 'FEyFrXjD');
insert into members (member_ID, email, pw) values (26, 'antonio.mccormick897@mail.com', 'CxscTTMh');
insert into members (member_ID, email, pw) values (27, 'elliott.lewis509@mail.com', 'jtIalIkf');
insert into members (member_ID, email, pw) values (28, 'dean.jacobs233@mail.com', 'aRBmRTKW');
insert into members (member_ID, email, pw) values (29, 'mohammed.rosales238@mail.com', 'rlbGQBvY');
insert into members (member_ID, email, pw) values (30, 'marc.marquez133@mail.com', 'XVwPEvOE');
insert into members (member_ID, email, pw) values (31, 'ruaraidh.gray171@mail.com', 'MWabPRCc');
insert into members (member_ID, email, pw) values (32, 'torquil.sanders760@mail.com', 'OLPfgBmX');
insert into members (member_ID, email, pw) values (33, 'craig.bradley44@mail.com', 'pXnetWRm');
insert into members (member_ID, email, pw) values (34, 'darrin.molina460@mail.com', 'MPQziKFv');
insert into members (member_ID, email, pw) values (35, 'nigel.luna520@mail.com', 'ZrrfEpzf');
insert into members (member_ID, email, pw) values (36, 'clive.medina321@mail.com', 'EdjSZgfR');
insert into members (member_ID, email, pw) values (37, 'jay.ortiz247@mail.com', 'DNhsKdVz');
insert into members (member_ID, email, pw) values (38, 'manus.quinn434@mail.com', 'GTQoeoYq');
insert into members (member_ID, email, pw) values (39, 'philip.wong654@mail.com', 'DPIVwNpC');
insert into members (member_ID, email, pw) values (40, 'alister.ellis132@mail.com', 'bMZTNLzU');
insert into members (member_ID, email, pw) values (41, 'jody.russell675@mail.com', 'gPobjpvj');
insert into members (member_ID, email, pw) values (42, 'marco.delgado289@mail.com', 'YYMgTviJ');
insert into members (member_ID, email, pw) values (43, 'asif.wise46@mail.com', 'hPzdcBpP');
insert into members (member_ID, email, pw) values (44, 'christopher.lindsey795@mail.com', 'YXwaYxKT');
insert into members (member_ID, email, pw) values (45, 'duncan.howell768@mail.com', 'OrqmJTzD');
insert into members (member_ID, email, pw) values (46, 'aeneas.ramsey27@mail.com', 'QMBOBJvI');
insert into members (member_ID, email, pw) values (47, 'steven.howell888@mail.com', 'oaNTfJim');
insert into members (member_ID, email, pw) values (48, 'archie.mcbride22@mail.com', 'WlGTXbtI');
insert into members (member_ID, email, pw) values (49, 'rodger.duncan184@mail.com', 'xRfVhUQg');
insert into members (member_ID, email, pw) values (50, 'bruce.moreno483@mail.com', 'arojyyvE');
insert into members (member_ID, email, pw) values (51, 'laurie.waters442@mail.com', 'TGEGWOsJ');
insert into members (member_ID, email, pw) values (52, 'hendry.reyes969@mail.com', 'IcDffZLC');
insert into members (member_ID, email, pw) values (53, 'dominic.hale32@mail.com', 'ywIEzkSc');
insert into members (member_ID, email, pw) values (54, 'julian.zimmerman587@mail.com', 'XaMEhGVQ');
insert into members (member_ID, email, pw) values (55, 'terry.wu770@mail.com', 'sZbJfWtq');
insert into members (member_ID, email, pw) values (56, 'derrick.gilbert832@mail.com', 'ylemWSKj');
insert into members (member_ID, email, pw) values (57, 'roy.lozano804@mail.com', 'QJwJAzgl');
insert into members (member_ID, email, pw) values (58, 'warren.rhodes491@mail.com', 'mRwOkFmG');
insert into members (member_ID, email, pw) values (59, 'arran.carlson316@mail.com', 'YEeVQRNG');
insert into members (member_ID, email, pw) values (60, 'eoghan.mann308@mail.com', 'TecXddKl');
insert into members (member_ID, email, pw) values (61, 'brett.delacruz972@mail.com', 'cNckwMpJ');
insert into members (member_ID, email, pw) values (62, 'raymond.barber238@mail.com', 'vviQbiYq');
insert into members (member_ID, email, pw) values (63, 'hamilton.morton362@mail.com', 'cFmpPSRm');
insert into members (member_ID, email, pw) values (64, 'clark.love944@mail.com', 'ZDYrcaMT');
insert into members (member_ID, email, pw) values (65, 'arthur.moody474@mail.com', 'KgseifCZ');
insert into members (member_ID, email, pw) values (66, 'andrea.watts286@mail.com', 'WebVWbMM');
insert into members (member_ID, email, pw) values (67, 'jack.ferguson588@mail.com', 'YlOAUjGF');
insert into members (member_ID, email, pw) values (68, 'robbie.bowers419@mail.com', 'tltwGeSh');
insert into members (member_ID, email, pw) values (69, 'stewart.rose616@mail.com', 'pQtCtTDS');
insert into members (member_ID, email, pw) values (70, 'andrea.byrd814@mail.com', 'FCeaoKeD');
insert into members (member_ID, email, pw) values (71, 'ali.baker186@mail.com', 'WxISdWZK');
insert into members (member_ID, email, pw) values (72, 'tommy.bauer220@mail.com', 'ezPMIUnd');
insert into members (member_ID, email, pw) values (73, 'elton.hayes307@mail.com', 'KQHdfOZA');
insert into members (member_ID, email, pw) values (74, 'bradley.montgomery624@mail.com', 'CHnYTXdX');
insert into members (member_ID, email, pw) values (75, 'craig.lindsey706@mail.com', 'entJzoua');
insert into members (member_ID, email, pw) values (76, 'kennedy.cervantes839@mail.com', 'FcMdZIfO');
insert into members (member_ID, email, pw) values (77, 'daniel.duran256@mail.com', 'jqfruhlc');
insert into members (member_ID, email, pw) values (78, 'clifford.underwood519@mail.com', 'lhqfFIKg');
insert into members (member_ID, email, pw) values (79, 'hamish.holloway210@mail.com', 'CIVsCFYP');
insert into members (member_ID, email, pw) values (80, 'harvey.orozco420@mail.com', 'FuGzoyeC');
insert into members (member_ID, email, pw) values (81, 'rodger.andrews93@mail.com', 'MwfryGTB');
insert into members (member_ID, email, pw) values (82, 'rowan.warner475@mail.com', 'nVZUSdyL');
insert into members (member_ID, email, pw) values (83, 'dean.alvarez935@mail.com', 'MlgngCVt');
insert into members (member_ID, email, pw) values (84, 'anton.harris501@mail.com', 'xEWXWDdh');
insert into members (member_ID, email, pw) values (85, 'keiron.west486@mail.com', 'qVDqYdQJ');
insert into members (member_ID, email, pw) values (86, 'leon.medina518@mail.com', 'VcLQsLvK');
insert into members (member_ID, email, pw) values (87, 'kelvin.hodges247@mail.com', 'rFzdVdMz');
insert into members (member_ID, email, pw) values (88, 'kevan.moreno924@mail.com', 'kMiXdxrT');
insert into members (member_ID, email, pw) values (89, 'marco.lynch885@mail.com', 'NQagByax');
insert into members (member_ID, email, pw) values (90, 'jason.rose795@mail.com', 'jjuMcfgl');
insert into members (member_ID, email, pw) values (91, 'caine.thornton347@mail.com', 'gMnBmBPS');
insert into members (member_ID, email, pw) values (92, 'harry.gutierrez948@mail.com', 'gwBDXQZD');
insert into members (member_ID, email, pw) values (93, 'roderick.ortiz470@mail.com', 'eCqUSUSD');
insert into members (member_ID, email, pw) values (94, 'duncan.dixon856@mail.com', 'JDFHoUPy');
insert into members (member_ID, email, pw) values (95, 'erlend.williamson961@mail.com', 'KpcbUNkr');
insert into members (member_ID, email, pw) values (96, 'ian.gross563@mail.com', 'BMaXOeqc');
insert into members (member_ID, email, pw) values (97, 'ainslie.james398@mail.com', 'YynetOaA');
insert into members (member_ID, email, pw) values (98, 'brian.gordon167@mail.com', 'LEBBmVWk');
insert into members (member_ID, email, pw) values (99, 'hamilton.chan4@mail.com', 'rQndHznZ');
insert into members (member_ID, email, pw) values (100, 'alyn.reese743@mail.com', 'rKVsuBSw');
insert into members (member_ID, email, pw) values (101, 'theresa.ali975@mail.com', 'itHPuvPB');
insert into members (member_ID, email, pw) values (102, 'jenny.parks857@mail.com', 'QeavnFUq');
insert into members (member_ID, email, pw) values (103, 'simone.hale88@mail.com', 'WOtDAHeo');
insert into members (member_ID, email, pw) values (104, 'daniella.barton275@mail.com', 'IVwPUTvn');
insert into members (member_ID, email, pw) values (105, 'lyndsay.castillo709@mail.com', 'wexVweKL');
insert into members (member_ID, email, pw) values (106, 'abigail.lucas906@mail.com', 'GjGgSZBO');
insert into members (member_ID, email, pw) values (107, 'sasha.knight771@mail.com', 'lVDUccBT');
insert into members (member_ID, email, pw) values (108, 'teresa.higgins181@mail.com', 'hEZJisNS');
insert into members (member_ID, email, pw) values (109, 'isabella.hanson489@mail.com', 'BceMslOm');
insert into members (member_ID, email, pw) values (110, 'jocelyn.munoz95@mail.com', 'GRKjgYFC');
insert into members (member_ID, email, pw) values (111, 'maree.harmon744@mail.com', 'GGAnDaPP');
insert into members (member_ID, email, pw) values (112, 'isabel.sparks353@mail.com', 'fGeIlvsb');
insert into members (member_ID, email, pw) values (113, 'barbara.martinez737@mail.com', 'eDDDUuyT');
insert into members (member_ID, email, pw) values (114, 'edith.ibarra517@mail.com', 'ymPpjIjR');
insert into members (member_ID, email, pw) values (115, 'yasmin.arias856@mail.com', 'bokRmlvp');
insert into members (member_ID, email, pw) values (116, 'helena.kramer451@mail.com', 'SmKRSGBJ');
insert into members (member_ID, email, pw) values (117, 'teresa.mercado851@mail.com', 'lNZaduzq');
insert into members (member_ID, email, pw) values (118, 'grace.jackson534@mail.com', 'JVGdvXmx');
insert into members (member_ID, email, pw) values (119, 'alison.perez487@mail.com', 'euoHsPUu');
insert into members (member_ID, email, pw) values (120, 'lauren.molina967@mail.com', 'vaEnixAZ');
insert into members (member_ID, email, pw) values (121, 'kellie.lynch129@mail.com', 'ZrqFgmDh');
insert into members (member_ID, email, pw) values (122, 'jocelyn.roth290@mail.com', 'PJxbDPdw');
insert into members (member_ID, email, pw) values (123, 'helen.hodges809@mail.com', 'yewYvIOU');
insert into members (member_ID, email, pw) values (124, 'sasha.singh44@mail.com', 'EQefdfwP');
insert into members (member_ID, email, pw) values (125, 'teresa.love9@mail.com', 'fAderfep');
insert into members (member_ID, email, pw) values (126, 'sarah.holloway438@mail.com', 'pcXjdJoy');
insert into members (member_ID, email, pw) values (127, 'kathryn.schroeder885@mail.com', 'usliNFOy');
insert into members (member_ID, email, pw) values (128, 'constance.may339@mail.com', 'BbWlQbWg');
insert into members (member_ID, email, pw) values (129, 'kim.peters982@mail.com', 'ezSyIUbq');
insert into members (member_ID, email, pw) values (130, 'tania.alexander237@mail.com', 'XmkpABaL');
insert into members (member_ID, email, pw) values (131, 'catherine.walters895@mail.com', 'UVjAJCrW');
insert into members (member_ID, email, pw) values (132, 'eve.harmon945@mail.com', 'akTVlgcg');
insert into members (member_ID, email, pw) values (133, 'laura.singh332@mail.com', 'VjuXjosi');
insert into members (member_ID, email, pw) values (134, 'kirsty.vaughn546@mail.com', 'GNsTbYrR');
insert into members (member_ID, email, pw) values (135, 'marianne.lawrence302@mail.com', 'QHwUoOhv');
insert into members (member_ID, email, pw) values (136, 'jillian.ford804@mail.com', 'ibezmTzm');
insert into members (member_ID, email, pw) values (137, 'amber.rios682@mail.com', 'rAOOvrru');
insert into members (member_ID, email, pw) values (138, 'sharleen.mendez953@mail.com', 'WGNxyilj');
insert into members (member_ID, email, pw) values (139, 'wilma.maldonado493@mail.com', 'gXKhJTrh');
insert into members (member_ID, email, pw) values (140, 'alyson.castillo660@mail.com', 'TSOdhFPE');
insert into members (member_ID, email, pw) values (141, 'tracey.phillips430@mail.com', 'BpyVZWlG');
insert into members (member_ID, email, pw) values (142, 'erica.holland349@mail.com', 'ElKUuPAR');
insert into members (member_ID, email, pw) values (143, 'helena.harper941@mail.com', 'nWJAYpeh');
insert into members (member_ID, email, pw) values (144, 'josephine.tyler384@mail.com', 'iMJghVZS');
insert into members (member_ID, email, pw) values (145, 'sonia.harmon674@mail.com', 'nnRjWYZQ');
insert into members (member_ID, email, pw) values (146, 'vicky.parker650@mail.com', 'OuIJIBIl');
insert into members (member_ID, email, pw) values (147, 'moira.walker743@mail.com', 'QmNyEEhr');
insert into members (member_ID, email, pw) values (148, 'annette.park316@mail.com', 'MVOiZYKN');
insert into members (member_ID, email, pw) values (149, 'marion.barker571@mail.com', 'tnXMEfSk');
insert into members (member_ID, email, pw) values (150, 'carole.haynes716@mail.com', 'vCQRiRwz');
insert into members (member_ID, email, pw) values (151, 'gael.robles462@mail.com', 'ljpMrGHA');
insert into members (member_ID, email, pw) values (152, 'tanya.cole668@mail.com', 'OaoufBKr');
insert into members (member_ID, email, pw) values (153, 'heather.barton225@mail.com', 'vKSRrFAi');
insert into members (member_ID, email, pw) values (154, 'katrina.tate461@mail.com', 'YUSnxeeQ');
insert into members (member_ID, email, pw) values (155, 'pauline.waters591@mail.com', 'GoCQUAgm');
insert into members (member_ID, email, pw) values (156, 'lindsay.khan198@mail.com', 'dbPMqsHH');
insert into members (member_ID, email, pw) values (157, 'karin.rogers6@mail.com', 'WLzzwPYk');
insert into members (member_ID, email, pw) values (158, 'eilidh.george604@mail.com', 'WHSymlOR');
insert into members (member_ID, email, pw) values (159, 'lyn.robinson811@mail.com', 'qWNFdPMT');
insert into members (member_ID, email, pw) values (160, 'esther.torres159@mail.com', 'onhWShHA');
insert into members (member_ID, email, pw) values (161, 'gayle.nicholson152@mail.com', 'oYPudONu');
insert into members (member_ID, email, pw) values (162, 'vivienne.mcbride278@mail.com', 'wEjxpjit');
insert into members (member_ID, email, pw) values (163, 'vivien.page591@mail.com', 'yvnxQWZT');
insert into members (member_ID, email, pw) values (164, 'joyce.santana457@mail.com', 'nbMCDnio');
insert into members (member_ID, email, pw) values (165, 'tanya.fowler603@mail.com', 'ICUFQSNK');
insert into members (member_ID, email, pw) values (166, 'sheila.may156@mail.com', 'mGnilseN');
insert into members (member_ID, email, pw) values (167, 'olivia.delacruz321@mail.com', 'ZYMtkNak');
insert into members (member_ID, email, pw) values (168, 'carrie.morton840@mail.com', 'UWdiNvhp');
insert into members (member_ID, email, pw) values (169, 'vicky.flynn83@mail.com', 'JclPgjsw');
insert into members (member_ID, email, pw) values (170, 'hilary.garrett521@mail.com', 'hCzRtAsv');
insert into members (member_ID, email, pw) values (171, 'tracy.morrison285@mail.com', 'LRTdlure');
insert into members (member_ID, email, pw) values (172, 'miriam.ramirez697@mail.com', 'AZdoUqmd');
insert into members (member_ID, email, pw) values (173, 'lindsey.phillips131@mail.com', 'RpkIKEpy');
insert into members (member_ID, email, pw) values (174, 'shirley.glover411@mail.com', 'bDOklQoC');
insert into members (member_ID, email, pw) values (175, 'lindsay.norman380@mail.com', 'dSgKIqmx');
insert into members (member_ID, email, pw) values (176, 'kate.villanueva626@mail.com', 'kIsgHjJc');
insert into members (member_ID, email, pw) values (177, 'eleanor.cole383@mail.com', 'TewYNPSL');
insert into members (member_ID, email, pw) values (178, 'chloe.dennis131@mail.com', 'iCOkfFKc');
insert into members (member_ID, email, pw) values (179, 'frances.perkins408@mail.com', 'PHEbRHln');
insert into members (member_ID, email, pw) values (180, 'deborah.patrick617@mail.com', 'uyQahsID');
insert into members (member_ID, email, pw) values (181, 'georgina.franco812@mail.com', 'QFhqlUkH');
insert into members (member_ID, email, pw) values (182, 'kirsty.powers723@mail.com', 'EjQQxrcn');
insert into members (member_ID, email, pw) values (183, 'gaynor.mendoza227@mail.com', 'FSYYjHCv');
insert into members (member_ID, email, pw) values (184, 'lee-anne.berry672@mail.com', 'yOOBQGyN');
insert into members (member_ID, email, pw) values (185, 'eilidh.mccarthy695@mail.com', 'vInUhBzz');
insert into members (member_ID, email, pw) values (186, 'francesca.olsen133@mail.com', 'zleefKIv');
insert into members (member_ID, email, pw) values (187, 'adrienne.doyle93@mail.com', 'lFZmQduv');
insert into members (member_ID, email, pw) values (188, 'roisin.maxwell154@mail.com', 'DYLVKHeb');
insert into members (member_ID, email, pw) values (189, 'norma.diaz870@mail.com', 'urGZNRNo');
insert into members (member_ID, email, pw) values (190, 'jennifer.carter421@mail.com', 'KvtnISKL');
insert into members (member_ID, email, pw) values (191, 'evelyn.ward509@mail.com', 'vurcXouF');
insert into members (member_ID, email, pw) values (192, 'julia.villarreal453@mail.com', 'FKBnDGtO');
insert into members (member_ID, email, pw) values (193, 'alexandra.deleon915@mail.com', 'IVbapiRZ');
insert into members (member_ID, email, pw) values (194, 'victoria.chambers762@mail.com', 'BLTxAYvD');
insert into members (member_ID, email, pw) values (195, 'carolann.lara517@mail.com', 'PRdhiwBM');
insert into members (member_ID, email, pw) values (196, 'rose.acosta323@mail.com', 'jHdjeNAB');
insert into members (member_ID, email, pw) values (197, 'lyndsey.vasquez345@mail.com', 'cCeJrJvZ');
insert into members (member_ID, email, pw) values (198, 'kim.olsen461@mail.com', 'PizjopwE');
insert into members (member_ID, email, pw) values (199, 'carole.cummings457@mail.com', 'BEcZTlrj');
insert into members (member_ID, email, pw) values (200, 'rachel.elliott570@mail.com', 'wLOdwnxL');
insert into members_info (email, first_name, last_name, phone_number, birthday, gender, membership_type_ID, duration_group_ID, role_ID, sport_ID) values ('admin.adminton123@mail.com', 'Admin', 'Adminton', '085338614311', '2000-10-11', 'm', 2, 2, 1, 4);
insert into members_info (email, first_name, last_name, phone_number, birthday, gender, membership_type_ID, duration_group_ID, role_ID, sport_ID) values ('connell.arias119@mail.com', 'Connell', 'Arias', '046449153381', '1970-7-9', 'm', 1, 1, 2, 12);
insert into members_info (email, first_name, last_name, phone_number, birthday, gender, membership_type_ID, duration_group_ID, role_ID, sport_ID) values ('jacob.olson343@mail.com', 'Jacob', 'Olson', '007005801053', '1956-2-11', 'm', 1, 3, 3, 3);
insert into members_info (email, first_name, last_name, phone_number, birthday, gender, membership_type_ID, duration_group_ID, role_ID, sport_ID) values ('gidon.ibarra616@mail.com', 'Gidon', 'Ibarra', '076747116722', '2017-1-27', 'm', 1, 1, 3, 10);
insert into members_info (email, first_name, last_name, phone_number, birthday, gender, membership_type_ID, duration_group_ID, role_ID, sport_ID) values ('ceri.carrillo807@mail.com', 'Ceri', 'Carrillo', '054726047407', '1952-10-15', 'm', 1, 3, 3, 10);
insert into members_info (email, first_name, last_name, phone_number, birthday, gender, membership_type_ID, duration_group_ID, role_ID, sport_ID) values ('dustin.cummings893@mail.com', 'Dustin', 'Cummings', '078825515428', '1968-5-19', 'm', 1, 2, 3, 8);
insert into members_info (email, first_name, last_name, phone_number, birthday, gender, membership_type_ID, duration_group_ID, role_ID, sport_ID) values ('drew.ball272@mail.com', 'Drew', 'Ball', '029360947484', '1973-10-22', 'm', 1, 3, 3, 2);
insert into members_info (email, first_name, last_name, phone_number, birthday, gender, membership_type_ID, duration_group_ID, role_ID, sport_ID) values ('alec.flynn126@mail.com', 'Alec', 'Flynn', '088104887807', '1941-8-13', 'm', 1, 2, 4, 1);
insert into members_info (email, first_name, last_name, phone_number, birthday, gender, membership_type_ID, duration_group_ID, role_ID, sport_ID) values ('hugh.jenkins333@mail.com', 'Hugh', 'Jenkins', '065257556847', '2008-2-22', 'm', 1, 3, 4, 11);
insert into members_info (email, first_name, last_name, phone_number, birthday, gender, membership_type_ID, duration_group_ID, role_ID, sport_ID) values ('alisdair.paul442@mail.com', 'Alisdair', 'Paul', '049341238758', '1953-6-22', 'm', 1, 2, 4, 12);
insert into members_info (email, first_name, last_name, phone_number, birthday, gender, membership_type_ID, duration_group_ID, role_ID, sport_ID) values ('colin.velasquez471@mail.com', 'Colin', 'Velasquez', '057510336824', '1971-6-27', 'm', 1, 2, 4, 5);
insert into members_info (email, first_name, last_name, phone_number, birthday, gender, membership_type_ID, duration_group_ID, role_ID, sport_ID) values ('rodney.harris711@mail.com', 'Rodney', 'Harris', '082239026096', '1962-9-15', 'm', 1, 2, 4, 9);
insert into members_info (email, first_name, last_name, phone_number, birthday, gender, membership_type_ID, duration_group_ID, role_ID, sport_ID) values ('jeremy.kelley518@mail.com', 'Jeremy', 'Kelley', '018384978360', '1960-3-26', 'm', 1, 1, 4, 10);
insert into members_info (email, first_name, last_name, phone_number, birthday, gender, membership_type_ID, duration_group_ID, role_ID, sport_ID) values ('deryk.robinson993@mail.com', 'Deryk', 'Robinson', '085884826601', '1983-8-4', 'm', 1, 3, 4, 12);
insert into members_info (email, first_name, last_name, phone_number, birthday, gender, membership_type_ID, duration_group_ID, role_ID, sport_ID) values ('martin.robertson434@mail.com', 'Martin', 'Robertson', '032081851050', '1951-3-1', 'm', 1, 1, 4, 6);
insert into members_info (email, first_name, last_name, phone_number, birthday, gender, membership_type_ID, duration_group_ID, role_ID, sport_ID) values ('iain.saunders148@mail.com', 'Iain', 'Saunders', '079829872401', '2000-10-18', 'm', 1, 3, 4, 9);
insert into members_info (email, first_name, last_name, phone_number, birthday, gender, membership_type_ID, duration_group_ID, role_ID, sport_ID) values ('nicol.jennings480@mail.com', 'Nicol', 'Jennings', '085135376311', '2015-2-22', 'm', 1, 2, 4, 7);
insert into members_info (email, first_name, last_name, phone_number, birthday, gender, membership_type_ID, duration_group_ID, role_ID, sport_ID) values ('desmond.maldonado741@mail.com', 'Desmond', 'Maldonado', '064134422305', '1939-2-20', 'm', 1, 2, 4, 1);
insert into members_info (email, first_name, last_name, phone_number, birthday, gender, membership_type_ID, duration_group_ID, role_ID, sport_ID) values ('kirk.bowman253@mail.com', 'Kirk', 'Bowman', '038660257956', '1933-8-13', 'm', 1, 3, 4, 2);
insert into members_info (email, first_name, last_name, phone_number, birthday, gender, membership_type_ID, duration_group_ID, role_ID, sport_ID) values ('riccardo.franco441@mail.com', 'Riccardo', 'Franco', '084605780610', '1950-7-13', 'm', 1, 2, 4, 4);
insert into members_info (email, first_name, last_name, phone_number, birthday, gender, membership_type_ID, duration_group_ID, role_ID, sport_ID) values ('jacob.armstrong968@mail.com', 'Jacob', 'Armstrong', '002788956418', '1944-9-7', 'm', 1, 2, 4, 10);
insert into members_info (email, first_name, last_name, phone_number, birthday, gender, membership_type_ID, duration_group_ID, role_ID, sport_ID) values ('murray.whitaker535@mail.com', 'Murray', 'Whitaker', '031508719460', '1962-7-4', 'm', 1, 3, 4, 2);
insert into members_info (email, first_name, last_name, phone_number, birthday, gender, membership_type_ID, duration_group_ID, role_ID, sport_ID) values ('ruaraidh.griffin469@mail.com', 'Ruaraidh', 'Griffin', '012318855647', '2017-11-3', 'm', 1, 1, 4, 9);
insert into members_info (email, first_name, last_name, phone_number, birthday, gender, membership_type_ID, duration_group_ID, role_ID, sport_ID) values ('myles.logan948@mail.com', 'Myles', 'Logan', '013008059426', '1970-8-21', 'm', 1, 2, 4, 1);
insert into members_info (email, first_name, last_name, phone_number, birthday, gender, membership_type_ID, duration_group_ID, role_ID, sport_ID) values ('neill.zhang864@mail.com', 'Neill', 'Zhang', '098490449167', '1943-4-12', 'm', 1, 3, 4, 5);
insert into members_info (email, first_name, last_name, phone_number, birthday, gender, membership_type_ID, duration_group_ID, role_ID, sport_ID) values ('antonio.mccormick897@mail.com', 'Antonio', 'Mccormick', '063830714927', '1971-8-1', 'm', 1, 3, 4, 1);
insert into members_info (email, first_name, last_name, phone_number, birthday, gender, membership_type_ID, duration_group_ID, role_ID, sport_ID) values ('elliott.lewis509@mail.com', 'Elliott', 'Lewis', '014824089995', '1961-1-12', 'm', 1, 2, 4, 2);
insert into members_info (email, first_name, last_name, phone_number, birthday, gender, membership_type_ID, duration_group_ID, role_ID, sport_ID) values ('dean.jacobs233@mail.com', 'Dean', 'Jacobs', '031478473720', '1978-6-10', 'm', 1, 3, 4, 8);
insert into members_info (email, first_name, last_name, phone_number, birthday, gender, membership_type_ID, duration_group_ID, role_ID, sport_ID) values ('mohammed.rosales238@mail.com', 'Mohammed', 'Rosales', '050916586114', '1979-2-2', 'm', 1, 2, 4, 4);
insert into members_info (email, first_name, last_name, phone_number, birthday, gender, membership_type_ID, duration_group_ID, role_ID, sport_ID) values ('marc.marquez133@mail.com', 'Marc', 'Marquez', '096279826924', '1939-8-10', 'm', 1, 4, 4, 7);
insert into members_info (email, first_name, last_name, phone_number, birthday, gender, membership_type_ID, duration_group_ID, role_ID, sport_ID) values ('ruaraidh.gray171@mail.com', 'Ruaraidh', 'Gray', '063589928788', '1942-7-24', 'm', 2, 2, 4, 9);
insert into members_info (email, first_name, last_name, phone_number, birthday, gender, membership_type_ID, duration_group_ID, role_ID, sport_ID) values ('torquil.sanders760@mail.com', 'Torquil', 'Sanders', '035071819143', '2006-9-10', 'm', 1, 2, 4, 4);
insert into members_info (email, first_name, last_name, phone_number, birthday, gender, membership_type_ID, duration_group_ID, role_ID, sport_ID) values ('craig.bradley44@mail.com', 'Craig', 'Bradley', '069473321125', '2020-5-13', 'm', 2, 2, 4, 2);
insert into members_info (email, first_name, last_name, phone_number, birthday, gender, membership_type_ID, duration_group_ID, role_ID, sport_ID) values ('darrin.molina460@mail.com', 'Darrin', 'Molina', '097494679372', '2011-11-27', 'm', 1, 3, 4, 6);
insert into members_info (email, first_name, last_name, phone_number, birthday, gender, membership_type_ID, duration_group_ID, role_ID, sport_ID) values ('nigel.luna520@mail.com', 'Nigel', 'Luna', '038922318494', '1952-8-15', 'm', 2, 3, 4, 10);
insert into members_info (email, first_name, last_name, phone_number, birthday, gender, membership_type_ID, duration_group_ID, role_ID, sport_ID) values ('clive.medina321@mail.com', 'Clive', 'Medina', '017663541634', '1931-12-9', 'm', 2, 3, 4, 8);
insert into members_info (email, first_name, last_name, phone_number, birthday, gender, membership_type_ID, duration_group_ID, role_ID, sport_ID) values ('jay.ortiz247@mail.com', 'Jay', 'Ortiz', '022312415805', '1992-8-14', 'm', 1, 3, 4, 5);
insert into members_info (email, first_name, last_name, phone_number, birthday, gender, membership_type_ID, duration_group_ID, role_ID, sport_ID) values ('manus.quinn434@mail.com', 'Manus', 'Quinn', '021899657237', '2002-4-8', 'm', 1, 4, 4, 4);
insert into members_info (email, first_name, last_name, phone_number, birthday, gender, membership_type_ID, duration_group_ID, role_ID, sport_ID) values ('philip.wong654@mail.com', 'Philip', 'Wong', '068589912374', '1968-1-22', 'm', 2, 2, 4, 8);
insert into members_info (email, first_name, last_name, phone_number, birthday, gender, membership_type_ID, duration_group_ID, role_ID, sport_ID) values ('alister.ellis132@mail.com', 'Alister', 'Ellis', '080035532036', '2014-6-12', 'm', 1, 3, 4, 5);
insert into members_info (email, first_name, last_name, phone_number, birthday, gender, membership_type_ID, duration_group_ID, role_ID, sport_ID) values ('jody.russell675@mail.com', 'Jody', 'Russell', '092097002039', '2008-11-22', 'm', 1, 3, 4, 4);
insert into members_info (email, first_name, last_name, phone_number, birthday, gender, membership_type_ID, duration_group_ID, role_ID, sport_ID) values ('marco.delgado289@mail.com', 'Marco', 'Delgado', '057777075025', '1963-6-17', 'm', 1, 4, 4, 2);
insert into members_info (email, first_name, last_name, phone_number, birthday, gender, membership_type_ID, duration_group_ID, role_ID, sport_ID) values ('asif.wise46@mail.com', 'Asif', 'Wise', '064949120484', '1972-1-13', 'm', 1, 1, 4, 9);
insert into members_info (email, first_name, last_name, phone_number, birthday, gender, membership_type_ID, duration_group_ID, role_ID, sport_ID) values ('christopher.lindsey795@mail.com', 'Christopher', 'Lindsey', '003477224202', '1985-1-14', 'm', 1, 2, 4, 10);
insert into members_info (email, first_name, last_name, phone_number, birthday, gender, membership_type_ID, duration_group_ID, role_ID, sport_ID) values ('duncan.howell768@mail.com', 'Duncan', 'Howell', '002643089399', '1944-12-26', 'm', 1, 3, 4, 9);
insert into members_info (email, first_name, last_name, phone_number, birthday, gender, membership_type_ID, duration_group_ID, role_ID, sport_ID) values ('aeneas.ramsey27@mail.com', 'Aeneas', 'Ramsey', '090997977636', '2000-11-12', 'm', 1, 2, 4, 1);
insert into members_info (email, first_name, last_name, phone_number, birthday, gender, membership_type_ID, duration_group_ID, role_ID, sport_ID) values ('steven.howell888@mail.com', 'Steven', 'Howell', '016082734177', '1942-10-24', 'm', 1, 2, 4, 7);
insert into members_info (email, first_name, last_name, phone_number, birthday, gender, membership_type_ID, duration_group_ID, role_ID, sport_ID) values ('archie.mcbride22@mail.com', 'Archie', 'Mcbride', '073099409915', '1968-1-27', 'm', 1, 1, 4, 11);
insert into members_info (email, first_name, last_name, phone_number, birthday, gender, membership_type_ID, duration_group_ID, role_ID, sport_ID) values ('rodger.duncan184@mail.com', 'Rodger', 'Duncan', '002978474513', '1987-4-18', 'm', 2, 2, 4, 10);
insert into members_info (email, first_name, last_name, phone_number, birthday, gender, membership_type_ID, duration_group_ID, role_ID, sport_ID) values ('bruce.moreno483@mail.com', 'Bruce', 'Moreno', '025141724648', '1996-10-6', 'm', 2, 3, 4, 4);
insert into members_info (email, first_name, last_name, phone_number, birthday, gender, membership_type_ID, duration_group_ID, role_ID, sport_ID) values ('laurie.waters442@mail.com', 'Laurie', 'Waters', '092884498075', '1939-7-23', 'm', 1, 3, 4, 12);
insert into members_info (email, first_name, last_name, phone_number, birthday, gender, membership_type_ID, duration_group_ID, role_ID, sport_ID) values ('hendry.reyes969@mail.com', 'Hendry', 'Reyes', '034931197340', '1948-1-10', 'm', 1, 3, 4, 9);
insert into members_info (email, first_name, last_name, phone_number, birthday, gender, membership_type_ID, duration_group_ID, role_ID, sport_ID) values ('dominic.hale32@mail.com', 'Dominic', 'Hale', '056128350230', '1950-11-20', 'm', 1, 3, 4, 2);
insert into members_info (email, first_name, last_name, phone_number, birthday, gender, membership_type_ID, duration_group_ID, role_ID, sport_ID) values ('julian.zimmerman587@mail.com', 'Julian', 'Zimmerman', '044021611925', '1977-1-6', 'm', 1, 2, 4, 6);
insert into members_info (email, first_name, last_name, phone_number, birthday, gender, membership_type_ID, duration_group_ID, role_ID, sport_ID) values ('terry.wu770@mail.com', 'Terry', 'Wu', '090932364921', '1962-8-14', 'm', 2, 3, 4, 8);
insert into members_info (email, first_name, last_name, phone_number, birthday, gender, membership_type_ID, duration_group_ID, role_ID, sport_ID) values ('derrick.gilbert832@mail.com', 'Derrick', 'Gilbert', '064432252609', '1984-3-19', 'm', 2, 3, 4, 8);
insert into members_info (email, first_name, last_name, phone_number, birthday, gender, membership_type_ID, duration_group_ID, role_ID, sport_ID) values ('roy.lozano804@mail.com', 'Roy', 'Lozano', '054410074996', '1940-6-2', 'm', 1, 2, 4, 12);
insert into members_info (email, first_name, last_name, phone_number, birthday, gender, membership_type_ID, duration_group_ID, role_ID, sport_ID) values ('warren.rhodes491@mail.com', 'Warren', 'Rhodes', '031275545212', '1975-7-5', 'm', 1, 4, 4, 6);
insert into members_info (email, first_name, last_name, phone_number, birthday, gender, membership_type_ID, duration_group_ID, role_ID, sport_ID) values ('arran.carlson316@mail.com', 'Arran', 'Carlson', '086110688751', '2002-11-9', 'm', 1, 3, 4, 5);
insert into members_info (email, first_name, last_name, phone_number, birthday, gender, membership_type_ID, duration_group_ID, role_ID, sport_ID) values ('eoghan.mann308@mail.com', 'Eoghan', 'Mann', '060362868907', '1993-1-15', 'm', 2, 3, 4, 8);
insert into members_info (email, first_name, last_name, phone_number, birthday, gender, membership_type_ID, duration_group_ID, role_ID, sport_ID) values ('brett.delacruz972@mail.com', 'Brett', 'Delacruz', '061358586166', '1955-7-15', 'm', 1, 2, 4, 4);
insert into members_info (email, first_name, last_name, phone_number, birthday, gender, membership_type_ID, duration_group_ID, role_ID, sport_ID) values ('raymond.barber238@mail.com', 'Raymond', 'Barber', '031769842851', '1974-3-6', 'm', 2, 3, 4, 11);
insert into members_info (email, first_name, last_name, phone_number, birthday, gender, membership_type_ID, duration_group_ID, role_ID, sport_ID) values ('hamilton.morton362@mail.com', 'Hamilton', 'Morton', '031714722758', '1989-9-25', 'm', 2, 4, 4, 9);
insert into members_info (email, first_name, last_name, phone_number, birthday, gender, membership_type_ID, duration_group_ID, role_ID, sport_ID) values ('clark.love944@mail.com', 'Clark', 'Love', '073312436128', '1943-12-15', 'm', 1, 3, 4, 7);
insert into members_info (email, first_name, last_name, phone_number, birthday, gender, membership_type_ID, duration_group_ID, role_ID, sport_ID) values ('arthur.moody474@mail.com', 'Arthur', 'Moody', '028904461964', '1987-11-19', 'm', 1, 3, 4, 7);
insert into members_info (email, first_name, last_name, phone_number, birthday, gender, membership_type_ID, duration_group_ID, role_ID, sport_ID) values ('andrea.watts286@mail.com', 'Andrea', 'Watts', '003974836877', '1995-12-8', 'm', 1, 3, 4, 3);
insert into members_info (email, first_name, last_name, phone_number, birthday, gender, membership_type_ID, duration_group_ID, role_ID, sport_ID) values ('jack.ferguson588@mail.com', 'Jack', 'Ferguson', '037978842000', '1947-6-20', 'm', 2, 4, 4, 4);
insert into members_info (email, first_name, last_name, phone_number, birthday, gender, membership_type_ID, duration_group_ID, role_ID, sport_ID) values ('robbie.bowers419@mail.com', 'Robbie', 'Bowers', '033521271367', '1978-2-27', 'm', 1, 3, 4, 2);
insert into members_info (email, first_name, last_name, phone_number, birthday, gender, membership_type_ID, duration_group_ID, role_ID, sport_ID) values ('stewart.rose616@mail.com', 'Stewart', 'Rose', '020724352805', '2009-2-21', 'm', 1, 3, 4, 6);
insert into members_info (email, first_name, last_name, phone_number, birthday, gender, membership_type_ID, duration_group_ID, role_ID, sport_ID) values ('andrea.byrd814@mail.com', 'Andrea', 'Byrd', '029597569273', '1955-8-12', 'm', 1, 2, 4, 4);
insert into members_info (email, first_name, last_name, phone_number, birthday, gender, membership_type_ID, duration_group_ID, role_ID, sport_ID) values ('ali.baker186@mail.com', 'Ali', 'Baker', '077418631139', '1998-5-3', 'm', 2, 3, 4, 7);
insert into members_info (email, first_name, last_name, phone_number, birthday, gender, membership_type_ID, duration_group_ID, role_ID, sport_ID) values ('tommy.bauer220@mail.com', 'Tommy', 'Bauer', '048329099979', '2000-2-18', 'm', 1, 3, 4, 2);
insert into members_info (email, first_name, last_name, phone_number, birthday, gender, membership_type_ID, duration_group_ID, role_ID, sport_ID) values ('elton.hayes307@mail.com', 'Elton', 'Hayes', '045687188645', '1997-7-13', 'm', 2, 3, 4, 9);
insert into members_info (email, first_name, last_name, phone_number, birthday, gender, membership_type_ID, duration_group_ID, role_ID, sport_ID) values ('bradley.montgomery624@mail.com', 'Bradley', 'Montgomery', '032310959757', '1995-1-9', 'm', 1, 2, 4, 6);
insert into members_info (email, first_name, last_name, phone_number, birthday, gender, membership_type_ID, duration_group_ID, role_ID, sport_ID) values ('craig.lindsey706@mail.com', 'Craig', 'Lindsey', '079229681776', '1942-4-6', 'm', 1, 2, 4, 10);
insert into members_info (email, first_name, last_name, phone_number, birthday, gender, membership_type_ID, duration_group_ID, role_ID, sport_ID) values ('kennedy.cervantes839@mail.com', 'Kennedy', 'Cervantes', '086385993728', '1966-12-22', 'm', 1, 2, 4, 8);
insert into members_info (email, first_name, last_name, phone_number, birthday, gender, membership_type_ID, duration_group_ID, role_ID, sport_ID) values ('daniel.duran256@mail.com', 'Daniel', 'Duran', '055078367772', '1973-10-17', 'm', 1, 3, 4, 11);
insert into members_info (email, first_name, last_name, phone_number, birthday, gender, membership_type_ID, duration_group_ID, role_ID, sport_ID) values ('clifford.underwood519@mail.com', 'Clifford', 'Underwood', '077591685571', '1974-12-27', 'm', 1, 4, 4, 6);
insert into members_info (email, first_name, last_name, phone_number, birthday, gender, membership_type_ID, duration_group_ID, role_ID, sport_ID) values ('hamish.holloway210@mail.com', 'Hamish', 'Holloway', '096474930001', '1953-9-2', 'm', 1, 2, 4, 9);
insert into members_info (email, first_name, last_name, phone_number, birthday, gender, membership_type_ID, duration_group_ID, role_ID, sport_ID) values ('harvey.orozco420@mail.com', 'Harvey', 'Orozco', '011817395975', '1972-9-15', 'm', 1, 1, 4, 1);
insert into members_info (email, first_name, last_name, phone_number, birthday, gender, membership_type_ID, duration_group_ID, role_ID, sport_ID) values ('rodger.andrews93@mail.com', 'Rodger', 'Andrews', '034570916063', '1935-7-11', 'm', 1, 2, 4, 3);
insert into members_info (email, first_name, last_name, phone_number, birthday, gender, membership_type_ID, duration_group_ID, role_ID, sport_ID) values ('rowan.warner475@mail.com', 'Rowan', 'Warner', '019082493466', '1959-12-14', 'm', 2, 4, 4, 5);
insert into members_info (email, first_name, last_name, phone_number, birthday, gender, membership_type_ID, duration_group_ID, role_ID, sport_ID) values ('dean.alvarez935@mail.com', 'Dean', 'Alvarez', '043624929163', '1977-10-24', 'm', 1, 2, 4, 2);
insert into members_info (email, first_name, last_name, phone_number, birthday, gender, membership_type_ID, duration_group_ID, role_ID, sport_ID) values ('anton.harris501@mail.com', 'Anton', 'Harris', '055783234955', '1949-4-2', 'm', 1, 3, 4, 10);
insert into members_info (email, first_name, last_name, phone_number, birthday, gender, membership_type_ID, duration_group_ID, role_ID, sport_ID) values ('keiron.west486@mail.com', 'Keiron', 'West', '084348166157', '1973-5-26', 'm', 1, 3, 4, 5);
insert into members_info (email, first_name, last_name, phone_number, birthday, gender, membership_type_ID, duration_group_ID, role_ID, sport_ID) values ('leon.medina518@mail.com', 'Leon', 'Medina', '089664139439', '1941-10-21', 'm', 2, 3, 4, 7);
insert into members_info (email, first_name, last_name, phone_number, birthday, gender, membership_type_ID, duration_group_ID, role_ID, sport_ID) values ('kelvin.hodges247@mail.com', 'Kelvin', 'Hodges', '063788900651', '1934-3-25', 'm', 2, 2, 4, 12);
insert into members_info (email, first_name, last_name, phone_number, birthday, gender, membership_type_ID, duration_group_ID, role_ID, sport_ID) values ('kevan.moreno924@mail.com', 'Kevan', 'Moreno', '049070307674', '1945-2-6', 'm', 1, 1, 4, 1);
insert into members_info (email, first_name, last_name, phone_number, birthday, gender, membership_type_ID, duration_group_ID, role_ID, sport_ID) values ('marco.lynch885@mail.com', 'Marco', 'Lynch', '091480233803', '2000-5-27', 'm', 1, 1, 4, 5);
insert into members_info (email, first_name, last_name, phone_number, birthday, gender, membership_type_ID, duration_group_ID, role_ID, sport_ID) values ('jason.rose795@mail.com', 'Jason', 'Rose', '079909203469', '2020-10-4', 'm', 1, 2, 4, 10);
insert into members_info (email, first_name, last_name, phone_number, birthday, gender, membership_type_ID, duration_group_ID, role_ID, sport_ID) values ('caine.thornton347@mail.com', 'Caine', 'Thornton', '067253577752', '1980-9-14', 'm', 1, 2, 4, 10);
insert into members_info (email, first_name, last_name, phone_number, birthday, gender, membership_type_ID, duration_group_ID, role_ID, sport_ID) values ('harry.gutierrez948@mail.com', 'Harry', 'Gutierrez', '059715875851', '1943-4-19', 'm', 2, 4, 4, 4);
insert into members_info (email, first_name, last_name, phone_number, birthday, gender, membership_type_ID, duration_group_ID, role_ID, sport_ID) values ('roderick.ortiz470@mail.com', 'Roderick', 'Ortiz', '035276521031', '2004-6-7', 'm', 1, 2, 4, 2);
insert into members_info (email, first_name, last_name, phone_number, birthday, gender, membership_type_ID, duration_group_ID, role_ID, sport_ID) values ('duncan.dixon856@mail.com', 'Duncan', 'Dixon', '073077961270', '2015-6-23', 'm', 2, 3, 4, 7);
insert into members_info (email, first_name, last_name, phone_number, birthday, gender, membership_type_ID, duration_group_ID, role_ID, sport_ID) values ('erlend.williamson961@mail.com', 'Erlend', 'Williamson', '086716792891', '1975-11-23', 'm', 1, 2, 4, 4);
insert into members_info (email, first_name, last_name, phone_number, birthday, gender, membership_type_ID, duration_group_ID, role_ID, sport_ID) values ('ian.gross563@mail.com', 'Ian', 'Gross', '058093005367', '2000-2-25', 'm', 1, 2, 4, 9);
insert into members_info (email, first_name, last_name, phone_number, birthday, gender, membership_type_ID, duration_group_ID, role_ID, sport_ID) values ('ainslie.james398@mail.com', 'Ainslie', 'James', '030593330110', '1984-3-17', 'm', 1, 3, 4, 9);
insert into members_info (email, first_name, last_name, phone_number, birthday, gender, membership_type_ID, duration_group_ID, role_ID, sport_ID) values ('brian.gordon167@mail.com', 'Brian', 'Gordon', '047926579650', '1979-1-9', 'm', 1, 3, 4, 2);
insert into members_info (email, first_name, last_name, phone_number, birthday, gender, membership_type_ID, duration_group_ID, role_ID, sport_ID) values ('hamilton.chan4@mail.com', 'Hamilton', 'Chan', '006176001923', '1977-4-1', 'm', 2, 4, 4, 6);
insert into members_info (email, first_name, last_name, phone_number, birthday, gender, membership_type_ID, duration_group_ID, role_ID, sport_ID) values ('alyn.reese743@mail.com', 'Alyn', 'Reese', '040520432098', '1968-12-8', 'm', 1, 4, 4, 6);
insert into members_info (email, first_name, last_name, phone_number, birthday, gender, membership_type_ID, duration_group_ID, role_ID, sport_ID) values ('theresa.ali975@mail.com', 'Theresa', 'Ali', '004699505355', '1983-11-4', 'f', 1, 3, 4, 4);
insert into members_info (email, first_name, last_name, phone_number, birthday, gender, membership_type_ID, duration_group_ID, role_ID, sport_ID) values ('jenny.parks857@mail.com', 'Jenny', 'Parks', '078351314581', '1963-8-26', 'f', 2, 1, 4, 10);
insert into members_info (email, first_name, last_name, phone_number, birthday, gender, membership_type_ID, duration_group_ID, role_ID, sport_ID) values ('simone.hale88@mail.com', 'Simone', 'Hale', '039502330599', '1932-7-5', 'f', 1, 2, 4, 3);
insert into members_info (email, first_name, last_name, phone_number, birthday, gender, membership_type_ID, duration_group_ID, role_ID, sport_ID) values ('daniella.barton275@mail.com', 'Daniella', 'Barton', '081255957396', '1966-4-10', 'f', 1, 2, 4, 7);
insert into members_info (email, first_name, last_name, phone_number, birthday, gender, membership_type_ID, duration_group_ID, role_ID, sport_ID) values ('lyndsay.castillo709@mail.com', 'Lyndsay', 'Castillo', '006540658878', '1997-3-6', 'f', 1, 1, 4, 9);
insert into members_info (email, first_name, last_name, phone_number, birthday, gender, membership_type_ID, duration_group_ID, role_ID, sport_ID) values ('abigail.lucas906@mail.com', 'Abigail', 'Lucas', '073307974057', '1972-9-18', 'f', 1, 3, 4, 9);
insert into members_info (email, first_name, last_name, phone_number, birthday, gender, membership_type_ID, duration_group_ID, role_ID, sport_ID) values ('sasha.knight771@mail.com', 'Sasha', 'Knight', '086027757819', '1958-10-24', 'f', 1, 2, 4, 9);
insert into members_info (email, first_name, last_name, phone_number, birthday, gender, membership_type_ID, duration_group_ID, role_ID, sport_ID) values ('teresa.higgins181@mail.com', 'Teresa', 'Higgins', '007990499088', '2006-1-6', 'f', 1, 3, 4, 12);
insert into members_info (email, first_name, last_name, phone_number, birthday, gender, membership_type_ID, duration_group_ID, role_ID, sport_ID) values ('isabella.hanson489@mail.com', 'Isabella', 'Hanson', '082632121003', '1931-12-17', 'f', 1, 2, 4, 4);
insert into members_info (email, first_name, last_name, phone_number, birthday, gender, membership_type_ID, duration_group_ID, role_ID, sport_ID) values ('jocelyn.munoz95@mail.com', 'Jocelyn', 'Munoz', '072165121496', '1988-1-18', 'f', 1, 4, 4, 5);
insert into members_info (email, first_name, last_name, phone_number, birthday, gender, membership_type_ID, duration_group_ID, role_ID, sport_ID) values ('maree.harmon744@mail.com', 'Maree', 'Harmon', '012373622220', '1991-3-10', 'f', 1, 3, 4, 10);
insert into members_info (email, first_name, last_name, phone_number, birthday, gender, membership_type_ID, duration_group_ID, role_ID, sport_ID) values ('isabel.sparks353@mail.com', 'Isabel', 'Sparks', '010321247560', '1962-10-9', 'f', 2, 2, 4, 2);
insert into members_info (email, first_name, last_name, phone_number, birthday, gender, membership_type_ID, duration_group_ID, role_ID, sport_ID) values ('barbara.martinez737@mail.com', 'Barbara', 'Martinez', '095449440198', '1981-12-22', 'f', 1, 3, 4, 4);
insert into members_info (email, first_name, last_name, phone_number, birthday, gender, membership_type_ID, duration_group_ID, role_ID, sport_ID) values ('edith.ibarra517@mail.com', 'Edith', 'Ibarra', '086828986076', '2019-10-26', 'f', 1, 4, 4, 7);
insert into members_info (email, first_name, last_name, phone_number, birthday, gender, membership_type_ID, duration_group_ID, role_ID, sport_ID) values ('yasmin.arias856@mail.com', 'Yasmin', 'Arias', '050841485386', '2012-6-15', 'f', 2, 3, 4, 6);
insert into members_info (email, first_name, last_name, phone_number, birthday, gender, membership_type_ID, duration_group_ID, role_ID, sport_ID) values ('helena.kramer451@mail.com', 'Helena', 'Kramer', '078442278851', '1953-12-19', 'f', 1, 3, 4, 6);
insert into members_info (email, first_name, last_name, phone_number, birthday, gender, membership_type_ID, duration_group_ID, role_ID, sport_ID) values ('teresa.mercado851@mail.com', 'Teresa', 'Mercado', '088933530748', '2004-11-23', 'f', 1, 2, 4, 11);
insert into members_info (email, first_name, last_name, phone_number, birthday, gender, membership_type_ID, duration_group_ID, role_ID, sport_ID) values ('grace.jackson534@mail.com', 'Grace', 'Jackson', '055296858920', '1940-6-15', 'f', 1, 3, 4, 1);
insert into members_info (email, first_name, last_name, phone_number, birthday, gender, membership_type_ID, duration_group_ID, role_ID, sport_ID) values ('alison.perez487@mail.com', 'Alison', 'Perez', '005940119581', '1968-10-17', 'f', 1, 3, 4, 8);
insert into members_info (email, first_name, last_name, phone_number, birthday, gender, membership_type_ID, duration_group_ID, role_ID, sport_ID) values ('lauren.molina967@mail.com', 'Lauren', 'Molina', '074287624141', '1982-7-6', 'f', 2, 4, 4, 11);
insert into members_info (email, first_name, last_name, phone_number, birthday, gender, membership_type_ID, duration_group_ID, role_ID, sport_ID) values ('kellie.lynch129@mail.com', 'Kellie', 'Lynch', '087164294286', '1962-3-10', 'f', 1, 3, 4, 12);
insert into members_info (email, first_name, last_name, phone_number, birthday, gender, membership_type_ID, duration_group_ID, role_ID, sport_ID) values ('jocelyn.roth290@mail.com', 'Jocelyn', 'Roth', '049556371760', '2005-1-23', 'f', 1, 2, 4, 1);
insert into members_info (email, first_name, last_name, phone_number, birthday, gender, membership_type_ID, duration_group_ID, role_ID, sport_ID) values ('helen.hodges809@mail.com', 'Helen', 'Hodges', '042210109498', '1997-2-5', 'f', 2, 2, 4, 11);
insert into members_info (email, first_name, last_name, phone_number, birthday, gender, membership_type_ID, duration_group_ID, role_ID, sport_ID) values ('sasha.singh44@mail.com', 'Sasha', 'Singh', '057469596230', '1986-12-26', 'f', 1, 3, 4, 8);
insert into members_info (email, first_name, last_name, phone_number, birthday, gender, membership_type_ID, duration_group_ID, role_ID, sport_ID) values ('teresa.love9@mail.com', 'Teresa', 'Love', '019041380709', '1997-2-21', 'f', 1, 3, 4, 2);
insert into members_info (email, first_name, last_name, phone_number, birthday, gender, membership_type_ID, duration_group_ID, role_ID, sport_ID) values ('sarah.holloway438@mail.com', 'Sarah', 'Holloway', '080995077577', '1935-6-4', 'f', 1, 4, 4, 1);
insert into members_info (email, first_name, last_name, phone_number, birthday, gender, membership_type_ID, duration_group_ID, role_ID, sport_ID) values ('kathryn.schroeder885@mail.com', 'Kathryn', 'Schroeder', '026875624969', '2009-2-20', 'f', 1, 2, 4, 2);
insert into members_info (email, first_name, last_name, phone_number, birthday, gender, membership_type_ID, duration_group_ID, role_ID, sport_ID) values ('constance.may339@mail.com', 'Constance', 'May', '098830809817', '2005-9-11', 'f', 2, 1, 4, 1);
insert into members_info (email, first_name, last_name, phone_number, birthday, gender, membership_type_ID, duration_group_ID, role_ID, sport_ID) values ('kim.peters982@mail.com', 'Kim', 'Peters', '011623691404', '1941-2-19', 'f', 2, 3, 4, 6);
insert into members_info (email, first_name, last_name, phone_number, birthday, gender, membership_type_ID, duration_group_ID, role_ID, sport_ID) values ('tania.alexander237@mail.com', 'Tania', 'Alexander', '036072553401', '1955-9-3', 'f', 1, 2, 4, 8);
insert into members_info (email, first_name, last_name, phone_number, birthday, gender, membership_type_ID, duration_group_ID, role_ID, sport_ID) values ('catherine.walters895@mail.com', 'Catherine', 'Walters', '060376599069', '1969-1-9', 'f', 1, 2, 4, 5);
insert into members_info (email, first_name, last_name, phone_number, birthday, gender, membership_type_ID, duration_group_ID, role_ID, sport_ID) values ('eve.harmon945@mail.com', 'Eve', 'Harmon', '068391892260', '1957-11-23', 'f', 2, 3, 4, 10);
insert into members_info (email, first_name, last_name, phone_number, birthday, gender, membership_type_ID, duration_group_ID, role_ID, sport_ID) values ('laura.singh332@mail.com', 'Laura', 'Singh', '006868843786', '1945-11-18', 'f', 2, 3, 4, 9);
insert into members_info (email, first_name, last_name, phone_number, birthday, gender, membership_type_ID, duration_group_ID, role_ID, sport_ID) values ('kirsty.vaughn546@mail.com', 'Kirsty', 'Vaughn', '037364436124', '1977-1-1', 'f', 1, 2, 4, 9);
insert into members_info (email, first_name, last_name, phone_number, birthday, gender, membership_type_ID, duration_group_ID, role_ID, sport_ID) values ('marianne.lawrence302@mail.com', 'Marianne', 'Lawrence', '068491427966', '1977-2-5', 'f', 1, 2, 4, 12);
insert into members_info (email, first_name, last_name, phone_number, birthday, gender, membership_type_ID, duration_group_ID, role_ID, sport_ID) values ('jillian.ford804@mail.com', 'Jillian', 'Ford', '069001268993', '2012-10-16', 'f', 1, 1, 4, 6);
insert into members_info (email, first_name, last_name, phone_number, birthday, gender, membership_type_ID, duration_group_ID, role_ID, sport_ID) values ('amber.rios682@mail.com', 'Amber', 'Rios', '092748339534', '1978-1-23', 'f', 1, 2, 4, 6);
insert into members_info (email, first_name, last_name, phone_number, birthday, gender, membership_type_ID, duration_group_ID, role_ID, sport_ID) values ('sharleen.mendez953@mail.com', 'Sharleen', 'Mendez', '036915395254', '1941-8-13', 'f', 2, 2, 4, 4);
insert into members_info (email, first_name, last_name, phone_number, birthday, gender, membership_type_ID, duration_group_ID, role_ID, sport_ID) values ('wilma.maldonado493@mail.com', 'Wilma', 'Maldonado', '000228950555', '1944-1-19', 'f', 2, 3, 4, 8);
insert into members_info (email, first_name, last_name, phone_number, birthday, gender, membership_type_ID, duration_group_ID, role_ID, sport_ID) values ('alyson.castillo660@mail.com', 'Alyson', 'Castillo', '026996064606', '1952-2-17', 'f', 1, 2, 4, 3);
insert into members_info (email, first_name, last_name, phone_number, birthday, gender, membership_type_ID, duration_group_ID, role_ID, sport_ID) values ('tracey.phillips430@mail.com', 'Tracey', 'Phillips', '028966489996', '1982-10-1', 'f', 2, 2, 4, 3);
insert into members_info (email, first_name, last_name, phone_number, birthday, gender, membership_type_ID, duration_group_ID, role_ID, sport_ID) values ('erica.holland349@mail.com', 'Erica', 'Holland', '072215277649', '1978-2-10', 'f', 1, 1, 4, 4);
insert into members_info (email, first_name, last_name, phone_number, birthday, gender, membership_type_ID, duration_group_ID, role_ID, sport_ID) values ('helena.harper941@mail.com', 'Helena', 'Harper', '059127588029', '2009-2-13', 'f', 1, 4, 4, 5);
insert into members_info (email, first_name, last_name, phone_number, birthday, gender, membership_type_ID, duration_group_ID, role_ID, sport_ID) values ('josephine.tyler384@mail.com', 'Josephine', 'Tyler', '016479071075', '2018-10-9', 'f', 1, 2, 4, 8);
insert into members_info (email, first_name, last_name, phone_number, birthday, gender, membership_type_ID, duration_group_ID, role_ID, sport_ID) values ('sonia.harmon674@mail.com', 'Sonia', 'Harmon', '066684101258', '1965-9-14', 'f', 1, 2, 4, 2);
insert into members_info (email, first_name, last_name, phone_number, birthday, gender, membership_type_ID, duration_group_ID, role_ID, sport_ID) values ('vicky.parker650@mail.com', 'Vicky', 'Parker', '024692102313', '1950-1-8', 'f', 1, 3, 4, 9);
insert into members_info (email, first_name, last_name, phone_number, birthday, gender, membership_type_ID, duration_group_ID, role_ID, sport_ID) values ('moira.walker743@mail.com', 'Moira', 'Walker', '034527521947', '1979-6-11', 'f', 1, 3, 4, 3);
insert into members_info (email, first_name, last_name, phone_number, birthday, gender, membership_type_ID, duration_group_ID, role_ID, sport_ID) values ('annette.park316@mail.com', 'Annette', 'Park', '010651866390', '1938-7-3', 'f', 2, 3, 4, 7);
insert into members_info (email, first_name, last_name, phone_number, birthday, gender, membership_type_ID, duration_group_ID, role_ID, sport_ID) values ('marion.barker571@mail.com', 'Marion', 'Barker', '054224861974', '1971-3-27', 'f', 2, 1, 4, 4);
insert into members_info (email, first_name, last_name, phone_number, birthday, gender, membership_type_ID, duration_group_ID, role_ID, sport_ID) values ('carole.haynes716@mail.com', 'Carole', 'Haynes', '027933061455', '1957-3-26', 'f', 2, 3, 4, 9);
insert into members_info (email, first_name, last_name, phone_number, birthday, gender, membership_type_ID, duration_group_ID, role_ID, sport_ID) values ('gael.robles462@mail.com', 'Gael', 'Robles', '079985524696', '1996-7-3', 'f', 1, 2, 4, 1);
insert into members_info (email, first_name, last_name, phone_number, birthday, gender, membership_type_ID, duration_group_ID, role_ID, sport_ID) values ('tanya.cole668@mail.com', 'Tanya', 'Cole', '077206649122', '2016-2-5', 'f', 1, 3, 4, 6);
insert into members_info (email, first_name, last_name, phone_number, birthday, gender, membership_type_ID, duration_group_ID, role_ID, sport_ID) values ('heather.barton225@mail.com', 'Heather', 'Barton', '010948287340', '2001-12-18', 'f', 2, 1, 4, 6);
insert into members_info (email, first_name, last_name, phone_number, birthday, gender, membership_type_ID, duration_group_ID, role_ID, sport_ID) values ('katrina.tate461@mail.com', 'Katrina', 'Tate', '059305124239', '1959-7-5', 'f', 2, 3, 4, 2);
insert into members_info (email, first_name, last_name, phone_number, birthday, gender, membership_type_ID, duration_group_ID, role_ID, sport_ID) values ('pauline.waters591@mail.com', 'Pauline', 'Waters', '050249974795', '1936-8-16', 'f', 1, 2, 4, 6);
insert into members_info (email, first_name, last_name, phone_number, birthday, gender, membership_type_ID, duration_group_ID, role_ID, sport_ID) values ('lindsay.khan198@mail.com', 'Lindsay', 'Khan', '016152955019', '1954-7-2', 'f', 1, 2, 4, 8);
insert into members_info (email, first_name, last_name, phone_number, birthday, gender, membership_type_ID, duration_group_ID, role_ID, sport_ID) values ('karin.rogers6@mail.com', 'Karin', 'Rogers', '062188981229', '2014-12-1', 'f', 1, 1, 4, 5);
insert into members_info (email, first_name, last_name, phone_number, birthday, gender, membership_type_ID, duration_group_ID, role_ID, sport_ID) values ('eilidh.george604@mail.com', 'Eilidh', 'George', '026873101103', '1997-5-7', 'f', 1, 1, 4, 5);
insert into members_info (email, first_name, last_name, phone_number, birthday, gender, membership_type_ID, duration_group_ID, role_ID, sport_ID) values ('lyn.robinson811@mail.com', 'Lyn', 'Robinson', '055152957915', '1949-10-1', 'f', 1, 2, 4, 11);
insert into members_info (email, first_name, last_name, phone_number, birthday, gender, membership_type_ID, duration_group_ID, role_ID, sport_ID) values ('esther.torres159@mail.com', 'Esther', 'Torres', '046423289753', '1953-1-5', 'f', 1, 4, 4, 2);
insert into members_info (email, first_name, last_name, phone_number, birthday, gender, membership_type_ID, duration_group_ID, role_ID, sport_ID) values ('gayle.nicholson152@mail.com', 'Gayle', 'Nicholson', '023204152814', '1962-11-2', 'f', 2, 3, 4, 12);
insert into members_info (email, first_name, last_name, phone_number, birthday, gender, membership_type_ID, duration_group_ID, role_ID, sport_ID) values ('vivienne.mcbride278@mail.com', 'Vivienne', 'Mcbride', '045572665514', '1999-11-12', 'f', 2, 2, 4, 4);
insert into members_info (email, first_name, last_name, phone_number, birthday, gender, membership_type_ID, duration_group_ID, role_ID, sport_ID) values ('vivien.page591@mail.com', 'Vivien', 'Page', '058670313091', '1989-6-11', 'f', 1, 2, 4, 12);
insert into members_info (email, first_name, last_name, phone_number, birthday, gender, membership_type_ID, duration_group_ID, role_ID, sport_ID) values ('joyce.santana457@mail.com', 'Joyce', 'Santana', '078012852567', '1969-1-3', 'f', 2, 3, 4, 7);
insert into members_info (email, first_name, last_name, phone_number, birthday, gender, membership_type_ID, duration_group_ID, role_ID, sport_ID) values ('tanya.fowler603@mail.com', 'Tanya', 'Fowler', '037286050522', '1935-5-6', 'f', 1, 2, 4, 10);
insert into members_info (email, first_name, last_name, phone_number, birthday, gender, membership_type_ID, duration_group_ID, role_ID, sport_ID) values ('sheila.may156@mail.com', 'Sheila', 'May', '019329840453', '1934-11-6', 'f', 2, 2, 4, 8);
insert into members_info (email, first_name, last_name, phone_number, birthday, gender, membership_type_ID, duration_group_ID, role_ID, sport_ID) values ('olivia.delacruz321@mail.com', 'Olivia', 'Delacruz', '061930097359', '1943-11-1', 'f', 1, 2, 4, 2);
insert into members_info (email, first_name, last_name, phone_number, birthday, gender, membership_type_ID, duration_group_ID, role_ID, sport_ID) values ('carrie.morton840@mail.com', 'Carrie', 'Morton', '022105193440', '2006-12-26', 'f', 1, 2, 4, 10);
insert into members_info (email, first_name, last_name, phone_number, birthday, gender, membership_type_ID, duration_group_ID, role_ID, sport_ID) values ('vicky.flynn83@mail.com', 'Vicky', 'Flynn', '023489584179', '1945-1-13', 'f', 1, 1, 4, 6);
insert into members_info (email, first_name, last_name, phone_number, birthday, gender, membership_type_ID, duration_group_ID, role_ID, sport_ID) values ('hilary.garrett521@mail.com', 'Hilary', 'Garrett', '056444119050', '2015-3-2', 'f', 2, 4, 4, 6);
insert into members_info (email, first_name, last_name, phone_number, birthday, gender, membership_type_ID, duration_group_ID, role_ID, sport_ID) values ('tracy.morrison285@mail.com', 'Tracy', 'Morrison', '001191916150', '1930-6-14', 'f', 2, 2, 4, 10);
insert into members_info (email, first_name, last_name, phone_number, birthday, gender, membership_type_ID, duration_group_ID, role_ID, sport_ID) values ('miriam.ramirez697@mail.com', 'Miriam', 'Ramirez', '073494458309', '1953-5-14', 'f', 1, 4, 4, 4);
insert into members_info (email, first_name, last_name, phone_number, birthday, gender, membership_type_ID, duration_group_ID, role_ID, sport_ID) values ('lindsey.phillips131@mail.com', 'Lindsey', 'Phillips', '057755857340', '1945-7-22', 'f', 2, 3, 4, 4);
insert into members_info (email, first_name, last_name, phone_number, birthday, gender, membership_type_ID, duration_group_ID, role_ID, sport_ID) values ('shirley.glover411@mail.com', 'Shirley', 'Glover', '046224469694', '1956-1-24', 'f', 1, 2, 4, 4);
insert into members_info (email, first_name, last_name, phone_number, birthday, gender, membership_type_ID, duration_group_ID, role_ID, sport_ID) values ('lindsay.norman380@mail.com', 'Lindsay', 'Norman', '065251511103', '1940-2-7', 'f', 2, 2, 4, 11);
insert into members_info (email, first_name, last_name, phone_number, birthday, gender, membership_type_ID, duration_group_ID, role_ID, sport_ID) values ('kate.villanueva626@mail.com', 'Kate', 'Villanueva', '059307558391', '1937-7-10', 'f', 1, 1, 4, 6);
insert into members_info (email, first_name, last_name, phone_number, birthday, gender, membership_type_ID, duration_group_ID, role_ID, sport_ID) values ('eleanor.cole383@mail.com', 'Eleanor', 'Cole', '066777635669', '1945-7-7', 'f', 1, 2, 4, 1);
insert into members_info (email, first_name, last_name, phone_number, birthday, gender, membership_type_ID, duration_group_ID, role_ID, sport_ID) values ('chloe.dennis131@mail.com', 'Chloe', 'Dennis', '047562799625', '1977-10-4', 'f', 1, 2, 4, 6);
insert into members_info (email, first_name, last_name, phone_number, birthday, gender, membership_type_ID, duration_group_ID, role_ID, sport_ID) values ('frances.perkins408@mail.com', 'Frances', 'Perkins', '013860001883', '1971-3-11', 'f', 1, 2, 4, 12);
insert into members_info (email, first_name, last_name, phone_number, birthday, gender, membership_type_ID, duration_group_ID, role_ID, sport_ID) values ('deborah.patrick617@mail.com', 'Deborah', 'Patrick', '059792156947', '1978-12-17', 'f', 1, 1, 4, 7);
insert into members_info (email, first_name, last_name, phone_number, birthday, gender, membership_type_ID, duration_group_ID, role_ID, sport_ID) values ('georgina.franco812@mail.com', 'Georgina', 'Franco', '086569937360', '2013-4-4', 'f', 1, 2, 4, 12);
insert into members_info (email, first_name, last_name, phone_number, birthday, gender, membership_type_ID, duration_group_ID, role_ID, sport_ID) values ('kirsty.powers723@mail.com', 'Kirsty', 'Powers', '037316064340', '1946-1-1', 'f', 1, 2, 4, 9);
insert into members_info (email, first_name, last_name, phone_number, birthday, gender, membership_type_ID, duration_group_ID, role_ID, sport_ID) values ('gaynor.mendoza227@mail.com', 'Gaynor', 'Mendoza', '093475970317', '2008-2-14', 'f', 1, 3, 4, 9);
insert into members_info (email, first_name, last_name, phone_number, birthday, gender, membership_type_ID, duration_group_ID, role_ID, sport_ID) values ('lee-anne.berry672@mail.com', 'Lee-Anne', 'Berry', '082405175333', '1983-4-17', 'f', 1, 4, 4, 9);
insert into members_info (email, first_name, last_name, phone_number, birthday, gender, membership_type_ID, duration_group_ID, role_ID, sport_ID) values ('eilidh.mccarthy695@mail.com', 'Eilidh', 'Mccarthy', '060743414240', '1973-10-9', 'f', 1, 1, 4, 3);
insert into members_info (email, first_name, last_name, phone_number, birthday, gender, membership_type_ID, duration_group_ID, role_ID, sport_ID) values ('francesca.olsen133@mail.com', 'Francesca', 'Olsen', '021180399412', '1947-8-12', 'f', 1, 3, 4, 8);
insert into members_info (email, first_name, last_name, phone_number, birthday, gender, membership_type_ID, duration_group_ID, role_ID, sport_ID) values ('adrienne.doyle93@mail.com', 'Adrienne', 'Doyle', '011572924357', '1967-12-12', 'f', 1, 1, 4, 11);
insert into members_info (email, first_name, last_name, phone_number, birthday, gender, membership_type_ID, duration_group_ID, role_ID, sport_ID) values ('roisin.maxwell154@mail.com', 'Roisin', 'Maxwell', '073762353459', '1935-2-11', 'f', 2, 2, 4, 4);
insert into members_info (email, first_name, last_name, phone_number, birthday, gender, membership_type_ID, duration_group_ID, role_ID, sport_ID) values ('norma.diaz870@mail.com', 'Norma', 'Diaz', '094762790087', '1932-1-24', 'f', 1, 3, 4, 12);
insert into members_info (email, first_name, last_name, phone_number, birthday, gender, membership_type_ID, duration_group_ID, role_ID, sport_ID) values ('jennifer.carter421@mail.com', 'Jennifer', 'Carter', '028746882763', '1931-8-12', 'f', 1, 2, 4, 11);
insert into members_info (email, first_name, last_name, phone_number, birthday, gender, membership_type_ID, duration_group_ID, role_ID, sport_ID) values ('evelyn.ward509@mail.com', 'Evelyn', 'Ward', '082908266613', '1990-6-4', 'f', 1, 3, 4, 7);
insert into members_info (email, first_name, last_name, phone_number, birthday, gender, membership_type_ID, duration_group_ID, role_ID, sport_ID) values ('julia.villarreal453@mail.com', 'Julia', 'Villarreal', '040526446277', '2001-2-24', 'f', 1, 3, 4, 5);
insert into members_info (email, first_name, last_name, phone_number, birthday, gender, membership_type_ID, duration_group_ID, role_ID, sport_ID) values ('alexandra.deleon915@mail.com', 'Alexandra', 'Deleon', '040007182764', '1976-5-20', 'f', 1, 1, 4, 9);
insert into members_info (email, first_name, last_name, phone_number, birthday, gender, membership_type_ID, duration_group_ID, role_ID, sport_ID) values ('victoria.chambers762@mail.com', 'Victoria', 'Chambers', '082802931044', '1946-4-10', 'f', 1, 2, 4, 2);
insert into members_info (email, first_name, last_name, phone_number, birthday, gender, membership_type_ID, duration_group_ID, role_ID, sport_ID) values ('carolann.lara517@mail.com', 'Carolann', 'Lara', '026031078436', '2011-12-5', 'f', 1, 3, 4, 4);
insert into members_info (email, first_name, last_name, phone_number, birthday, gender, membership_type_ID, duration_group_ID, role_ID, sport_ID) values ('rose.acosta323@mail.com', 'Rose', 'Acosta', '082001616432', '1953-8-7', 'f', 1, 2, 4, 5);
insert into members_info (email, first_name, last_name, phone_number, birthday, gender, membership_type_ID, duration_group_ID, role_ID, sport_ID) values ('lyndsey.vasquez345@mail.com', 'Lyndsey', 'Vasquez', '057174369735', '1942-12-19', 'f', 1, 3, 4, 5);
insert into members_info (email, first_name, last_name, phone_number, birthday, gender, membership_type_ID, duration_group_ID, role_ID, sport_ID) values ('kim.olsen461@mail.com', 'Kim', 'Olsen', '078046863253', '1977-4-10', 'f', 1, 2, 4, 11);
insert into members_info (email, first_name, last_name, phone_number, birthday, gender, membership_type_ID, duration_group_ID, role_ID, sport_ID) values ('carole.cummings457@mail.com', 'Carole', 'Cummings', '091233617403', '1942-11-13', 'f', 1, 1, 4, 6);
insert into members_info (email, first_name, last_name, phone_number, birthday, gender, membership_type_ID, duration_group_ID, role_ID, sport_ID) values ('rachel.elliott570@mail.com', 'Rachel', 'Elliott', '013818047940', '1934-7-24', 'f', 2, 3, 4, 6);